63001001001|Ὁ|84001001002|det|id="n63001001001"|ref="2JN 1:1!1"|Cat="det"|Start="0"|End="0"|StrongNumber="3588"|UnicodeLemma="ὁ"|Gender="Masculine"|Number="Singular"|FunctionalTag="T-NSM"|Type=""|morphId="63001001001"|NormalizedForm="Ὁ"|Case="Nominative"|Unicode="Ὁ"|FormalTag="T-NSM"|nodeId="630010010010010"|Gloss="The"|LexDomain="092004"|LN="92.24"
63001001002|πρεσβύτερος|84001001002|CL|id="n63001001002"|ref="2JN 1:1!2"|Cat="adj"|Start="1"|End="1"|StrongNumber="4245"|UnicodeLemma="πρεσβύτερος"|Gender="Masculine"|Degree="Comparative"|Number="Singular"|FunctionalTag="A-NSM-C"|Type=""|morphId="63001001002"|NormalizedForm="πρεσβύτερος"|Case="Nominative"|Unicode="πρεσβύτερος"|FormalTag="A-NSM-C"|nodeId="630010010020010"|Gloss="elder"|LexDomain="053009"|LN="53.77"
63001001003|ἐκλεκτῇ|84001001004|adjp|id="n63001001003"|ref="2JN 1:1!3"|Cat="adj"|Start="2"|End="2"|StrongNumber="1588"|UnicodeLemma="ἐκλεκτός"|Gender="Feminine"|Number="Singular"|FunctionalTag="A-DSF"|Type=""|morphId="63001001003"|NormalizedForm="ἐκλεκτῇ"|Case="Dative"|Unicode="ἐκλεκτῇ"|FormalTag="A-DSF"|nodeId="630010010030010"|Gloss="To [the] elect"|LexDomain="030006"|LN="30.93"
63001001004|κυρίᾳ|84001001002|IO|id="n63001001004"|ref="2JN 1:1!4"|Cat="noun"|Start="3"|End="3"|StrongNumber="2959"|UnicodeLemma="κυρία"|Gender="Feminine"|Number="Singular"|FunctionalTag="N-DSF"|Type="Common"|morphId="63001001004"|NormalizedForm="κυρίᾳ"|Case="Dative"|Unicode="κυρίᾳ"|FormalTag="N-DSF"|nodeId="630010010040010"|Gloss="lady"|LexDomain="087003"|LN="87.54"
63001001005|καὶ|84001001004|conj|id="n63001001005"|ref="2JN 1:1!5"|Cat="conj"|Start="4"|End="4"|StrongNumber="2532"|UnicodeLemma="καί"|FunctionalTag="CONJ"|Type=""|morphId="63001001005"|NormalizedForm="καί"|Unicode="καὶ"|FormalTag="CONJ"|nodeId="630010010050010"|Gloss="and"
63001001006|τοῖς|84001001007|det|id="n63001001006"|ref="2JN 1:1!6"|Cat="det"|Start="5"|End="5"|StrongNumber="3588"|UnicodeLemma="ὁ"|Gender="Neuter"|Number="Plural"|FunctionalTag="T-DPN"|Type=""|morphId="63001001006"|NormalizedForm="τοῖς"|Case="Dative"|Unicode="τοῖς"|FormalTag="T-DPN"|nodeId="630010010060010"|Gloss="the"|LexDomain="092004"|LN="92.24"
63001001007|τέκνοις|84001001004|np|id="n63001001007"|ref="2JN 1:1!7"|Cat="noun"|Start="6"|End="6"|StrongNumber="5043"|UnicodeLemma="τέκνον"|Gender="Neuter"|Number="Plural"|FunctionalTag="N-DPN"|Type="Common"|morphId="63001001007"|NormalizedForm="τέκνοις"|Case="Dative"|Unicode="τέκνοις"|FormalTag="N-DPN"|nodeId="630010010070010"|Gloss="children"|LexDomain="010002"|LN="10.36"
63001001008|αὐτῆς,|84001001007|np|id="n63001001008"|ref="2JN 1:1!8"|Cat="pron"|Start="7"|End="7"|StrongNumber="846"|UnicodeLemma="αὐτός"|Gender="Feminine"|Number="Singular"|FunctionalTag="P-GSF"|Type="Personal"|morphId="63001001008"|NormalizedForm="αὐτῆς"|Case="Genitive"|Unicode="αὐτῆς,"|FormalTag="P-GSF"|nodeId="630010010080010"|Gloss="of her"|Ref="n63001001004"
63001001009|οὓς|84001001011|O|id="n63001001009"|ref="2JN 1:1!9"|Cat="pron"|Start="8"|End="8"|StrongNumber="3739"|UnicodeLemma="ὅς"|Gender="Masculine"|Number="Plural"|FunctionalTag="R-APM"|Type="Relative"|morphId="63001001009"|NormalizedForm="οὕς"|Case="Accusative"|Unicode="οὓς"|FormalTag="R-APM"|nodeId="630010010090010"|Gloss="whom"|Ref="n63001001004 n63001001007"
63001001011|ἀγαπῶ|84001001004|CL|id="n63001001011"|ref="2JN 1:1!11"|Cat="verb"|Start="9"|End="9"|StrongNumber="25"|UnicodeLemma="ἀγαπάω"|Person="First"|Mood="Indicative"|Tense="Present"|Number="Singular"|FunctionalTag="V-PAI-1S"|Type=""|morphId="63001001011"|NormalizedForm="ἀγαπῶ"|Unicode="ἀγαπῶ"|FormalTag="V-PAI-1S"|Voice="Active"|nodeId="630010010110010"|Gloss="love"|Frame="A1:n63001001009 A0:n63001001010;n63001001015;n63001001016;n63001001022"|LexDomain="025003"|LN="25.43"
63001001012|ἐν|84001001013|prep|id="n63001001012"|ref="2JN 1:1!12"|Cat="prep"|Start="10"|End="10"|StrongNumber="1722"|UnicodeLemma="ἐν"|FunctionalTag="PREP"|Type=""|morphId="63001001012"|NormalizedForm="ἐν"|Unicode="ἐν"|FormalTag="PREP"|nodeId="630010010120010"|Gloss="in"|LexDomain="070"|LN="70.4"
63001001013|ἀληθείᾳ,|84001001011|ADV|id="n63001001013"|ref="2JN 1:1!13"|Cat="noun"|Start="11"|End="11"|StrongNumber="225"|UnicodeLemma="ἀλήθεια"|Gender="Feminine"|Number="Singular"|FunctionalTag="N-DSF"|Type="Common"|morphId="63001001013"|NormalizedForm="ἀληθείᾳ"|Case="Dative"|Unicode="ἀληθείᾳ,"|FormalTag="N-DSF"|nodeId="630010010130010"|Gloss="truth"|LexDomain="070"|LN="70.4"
63001001010|ἐγὼ|84001001011|S|id="n63001001010"|ref="2JN 1:1!10"|Cat="pron"|Start="12"|End="12"|StrongNumber="1473"|UnicodeLemma="ἐγώ"|Number="Singular"|FunctionalTag="P-1NS"|Type="Personal"|morphId="63001001010"|NormalizedForm="ἐγώ"|Case="Nominative"|Unicode="ἐγὼ"|FormalTag="P-1NS"|nodeId="630010010100010"|Gloss="I"|Ref="n63001001002"|LexDomain="092001"|LN="92.1"
63001001014|καὶ|84001001010|conj|id="n63001001014"|ref="2JN 1:1!14"|Cat="conj"|Start="13"|End="13"|StrongNumber="2532"|UnicodeLemma="καί"|FunctionalTag="CONJ"|Type=""|morphId="63001001014"|NormalizedForm="καί"|Unicode="καὶ"|FormalTag="CONJ"|nodeId="630010010140010"|Gloss="and"
63001001015|οὐκ|84001001022|advp|id="n63001001015"|ref="2JN 1:1!15"|Cat="adv"|Start="14"|End="14"|StrongNumber="3756"|UnicodeLemma="οὐ"|FunctionalTag="PRT-N"|Type=""|morphId="63001001015"|NormalizedForm="οὐκ"|Unicode="οὐκ"|FormalTag="PRT-N"|nodeId="630010010150010"|Gloss="not"
63001001016|ἐγὼ|84001001022|np|id="n63001001016"|ref="2JN 1:1!16"|Cat="pron"|Start="15"|End="15"|StrongNumber="1473"|UnicodeLemma="ἐγώ"|Number="Singular"|FunctionalTag="P-1NS"|Type="Personal"|morphId="63001001016"|NormalizedForm="ἐγώ"|Case="Nominative"|Unicode="ἐγὼ"|FormalTag="P-1NS"|nodeId="630010010160010"|Gloss="I"|Ref="n63001001002"|LexDomain="092001"|LN="92.1"
63001001017|μόνος|84001001016|adjp|id="n63001001017"|ref="2JN 1:1!17"|Cat="adj"|Start="16"|End="16"|StrongNumber="3441"|UnicodeLemma="μόνος"|Gender="Masculine"|Number="Singular"|FunctionalTag="A-NSM"|Type=""|morphId="63001001017"|NormalizedForm="μόνος"|Case="Nominative"|Unicode="μόνος"|FormalTag="A-NSM"|nodeId="630010010170010"|Gloss="only"|LexDomain="058007"|LN="58.51"
63001001018|ἀλλὰ|84001001022|conj|id="n63001001018"|ref="2JN 1:1!18"|Cat="conj"|Start="17"|End="17"|StrongNumber="235"|UnicodeLemma="ἀλλά"|FunctionalTag="CONJ"|Type=""|morphId="63001001018"|NormalizedForm="ἀλλά"|Unicode="ἀλλὰ"|FormalTag="CONJ"|nodeId="630010010180010"|Gloss="but"|LexDomain="089023"|LN="89.125"
63001001019|καὶ|84001001022|advp|id="n63001001019"|ref="2JN 1:1!19"|Cat="adv"|Start="18"|End="18"|StrongNumber="2532"|UnicodeLemma="καί"|FunctionalTag="CONJ"|Type=""|morphId="63001001019"|NormalizedForm="καί"|Unicode="καὶ"|FormalTag="CONJ"|nodeId="630010010190010"|Gloss="also"
63001001020|πάντες|84001001022|adjp|id="n63001001020"|ref="2JN 1:1!20"|Cat="adj"|Start="19"|End="19"|StrongNumber="3956"|UnicodeLemma="πᾶς"|Gender="Masculine"|Number="Plural"|FunctionalTag="A-NPM"|Type=""|morphId="63001001020"|NormalizedForm="πάντες"|Case="Nominative"|Unicode="πάντες"|FormalTag="A-NPM"|nodeId="630010010200010"|Gloss="all"|LexDomain="059003"|LN="59.24"
63001001021|οἱ|84001001022|det|id="n63001001021"|ref="2JN 1:1!21"|Cat="det"|Start="20"|End="20"|StrongNumber="3588"|UnicodeLemma="ὁ"|Gender="Masculine"|Number="Plural"|FunctionalTag="T-NPM"|Type=""|morphId="63001001021"|NormalizedForm="οἱ"|Case="Nominative"|Unicode="οἱ"|FormalTag="T-NPM"|nodeId="630010010210010"|Gloss="those"|LexDomain="092004"|LN="92.24"
63001001022|ἐγνωκότες|84001001010|np|id="n63001001022"|ref="2JN 1:1!22"|Cat="verb"|Start="21"|End="21"|StrongNumber="1097"|UnicodeLemma="γινώσκω"|Gender="Masculine"|Mood="Participle"|Tense="Perfect"|Number="Plural"|FunctionalTag="V-RAP-NPM"|Type=""|morphId="63001001022"|NormalizedForm="ἐγνωκότες"|Case="Nominative"|Unicode="ἐγνωκότες"|FormalTag="V-RAP-NPM"|Voice="Active"|nodeId="630010010220010"|Gloss="having known"|Frame="A0:n00000000000 A1:n63001001024"|LexDomain="032002"|LN="32.16"
63001001023|τὴν|84001001024|det|id="n63001001023"|ref="2JN 1:1!23"|Cat="det"|Start="22"|End="22"|StrongNumber="3588"|UnicodeLemma="ὁ"|Gender="Feminine"|Number="Singular"|FunctionalTag="T-ASF"|Type=""|morphId="63001001023"|NormalizedForm="τήν"|Case="Accusative"|Unicode="τὴν"|FormalTag="T-ASF"|nodeId="630010010230010"|Gloss="the"|LexDomain="092004"|LN="92.24"
63001001024|ἀλήθειαν,|84001001022|O|id="n63001001024"|ref="2JN 1:1!24"|Cat="noun"|Start="23"|End="23"|StrongNumber="225"|UnicodeLemma="ἀλήθεια"|Gender="Feminine"|Number="Singular"|FunctionalTag="N-ASF"|Type="Common"|morphId="63001001024"|NormalizedForm="ἀλήθειαν"|Case="Accusative"|Unicode="ἀλήθειαν,"|FormalTag="N-ASF"|nodeId="630010010240010"|Gloss="truth"|LexDomain="072001"|LN="72.2"
63001002001|διὰ|84001002003|prep|id="n63001002001"|ref="2JN 1:2!1"|Cat="prep"|Start="24"|End="24"|StrongNumber="1223"|UnicodeLemma="διά"|FunctionalTag="PREP"|Type=""|morphId="63001002001"|NormalizedForm="διά"|Unicode="διὰ"|FormalTag="PREP"|nodeId="630010020010010"|Gloss="because of"|LexDomain="089007"|LN="89.26"
63001002002|τὴν|84001002003|det|id="n63001002002"|ref="2JN 1:2!2"|Cat="det"|Start="25"|End="25"|StrongNumber="3588"|UnicodeLemma="ὁ"|Gender="Feminine"|Number="Singular"|FunctionalTag="T-ASF"|Type=""|morphId="63001002002"|NormalizedForm="τήν"|Case="Accusative"|Unicode="τὴν"|FormalTag="T-ASF"|nodeId="630010020020010"|Gloss="the"|LexDomain="092004"|LN="92.24"
63001002003|ἀλήθειαν|84001001011|ADV|id="n63001002003"|ref="2JN 1:2!3"|Cat="noun"|Start="26"|End="26"|StrongNumber="225"|UnicodeLemma="ἀλήθεια"|Gender="Feminine"|Number="Singular"|FunctionalTag="N-ASF"|Type="Common"|morphId="63001002003"|NormalizedForm="ἀλήθειαν"|Case="Accusative"|Unicode="ἀλήθειαν"|FormalTag="N-ASF"|nodeId="630010020030010"|Gloss="truth"|LexDomain="072001"|LN="72.2"
63001002004|τὴν|84001002005|det|id="n63001002004"|ref="2JN 1:2!4"|Cat="det"|Start="27"|End="27"|StrongNumber="3588"|UnicodeLemma="ὁ"|Gender="Feminine"|Number="Singular"|FunctionalTag="T-ASF"|Type=""|morphId="63001002004"|NormalizedForm="τήν"|Case="Accusative"|Unicode="τὴν"|FormalTag="T-ASF"|nodeId="630010020040010"|Gloss="-"|LexDomain="092004"|LN="92.24"
63001002005|μένουσαν|84001002003|np|id="n63001002005"|ref="2JN 1:2!5"|Cat="verb"|Start="28"|End="28"|StrongNumber="3306"|UnicodeLemma="μένω"|Gender="Feminine"|Mood="Participle"|Tense="Present"|Number="Singular"|FunctionalTag="V-PAP-ASF"|Type=""|morphId="63001002005"|NormalizedForm="μένουσαν"|Case="Accusative"|Unicode="μένουσαν"|FormalTag="V-PAP-ASF"|Voice="Active"|nodeId="630010020050010"|Gloss="abiding"|SubjRef="n63001002003"|Frame="A0:n63001002003"|LexDomain="068002"|LN="68.11"
63001002006|ἐν|84001002007|prep|id="n63001002006"|ref="2JN 1:2!6"|Cat="prep"|Start="29"|End="29"|StrongNumber="1722"|UnicodeLemma="ἐν"|FunctionalTag="PREP"|Type=""|morphId="63001002006"|NormalizedForm="ἐν"|Unicode="ἐν"|FormalTag="PREP"|nodeId="630010020060010"|Gloss="in"|LexDomain="089020"|LN="89.119"
63001002007|ἡμῖν,|84001002005|ADV|id="n63001002007"|ref="2JN 1:2!7"|Cat="pron"|Start="30"|End="30"|StrongNumber="1473"|UnicodeLemma="ἐγώ"|Number="Plural"|FunctionalTag="P-1DP"|Type="Personal"|morphId="63001002007"|NormalizedForm="ἡμῖν"|Case="Dative"|Unicode="ἡμῖν,"|FormalTag="P-1DP"|nodeId="630010020070010"|Gloss="us"|Ref="n63001001002 n63001001004 n63001001007 n63001001022"|LexDomain="092002"|LN="92.4"
63001002008|καὶ|84001001002|conj|id="n63001002008"|ref="2JN 1:2!8"|Cat="conj"|Start="31"|End="31"|StrongNumber="2532"|UnicodeLemma="καί"|FunctionalTag="CONJ"|Type=""|morphId="63001002008"|NormalizedForm="καί"|Unicode="καὶ"|FormalTag="CONJ"|nodeId="630010020080010"|Gloss="and"
63001002009|μεθ’|84001002010|prep|id="n63001002009"|ref="2JN 1:2!9"|Cat="prep"|Start="32"|End="32"|StrongNumber="3326"|UnicodeLemma="μετά"|FunctionalTag="PREP"|Type=""|morphId="63001002009"|NormalizedForm="μεθ’"|Unicode="μεθ’"|FormalTag="PREP"|nodeId="630010020090010"|Gloss="with"|LexDomain="089020"|LN="89.108"
63001002010|ἡμῶν|84001001002|CL|id="n63001002010"|ref="2JN 1:2!10"|Cat="pron"|Start="33"|End="33"|StrongNumber="1473"|UnicodeLemma="ἐγώ"|Number="Plural"|FunctionalTag="P-1GP"|Type="Personal"|morphId="63001002010"|NormalizedForm="ἡμῶν"|Case="Genitive"|Unicode="ἡμῶν"|FormalTag="P-1GP"|nodeId="630010020100010"|Gloss="us"|Ref="n63001001002 n63001001004 n63001001007 n63001001022"|LexDomain="092002"|LN="92.4"
63001002011|ἔσται|84001002010|VC|id="n63001002011"|ref="2JN 1:2!11"|Cat="verb"|Start="34"|End="34"|StrongNumber="1510"|UnicodeLemma="εἰμί"|Person="Third"|Mood="Indicative"|Tense="Future"|Number="Singular"|FunctionalTag="V-FDI-3S"|Type=""|morphId="63001002011"|NormalizedForm="ἔσται"|Unicode="ἔσται"|FormalTag="V-FDI-3S"|Voice="Middle"|nodeId="630010020110010"|Gloss="that will be"|SubjRef="n63001002003"
63001002012|εἰς|84001002014|prep|id="n63001002012"|ref="2JN 1:2!12"|Cat="prep"|Start="35"|End="35"|StrongNumber="1519"|UnicodeLemma="εἰς"|FunctionalTag="PREP"|Type=""|morphId="63001002012"|NormalizedForm="εἰς"|Unicode="εἰς"|FormalTag="PREP"|nodeId="630010020120010"|Gloss="to"
63001002013|τὸν|84001002014|det|id="n63001002013"|ref="2JN 1:2!13"|Cat="det"|Start="36"|End="36"|StrongNumber="3588"|UnicodeLemma="ὁ"|Gender="Masculine"|Number="Singular"|FunctionalTag="T-ASM"|Type=""|morphId="63001002013"|NormalizedForm="τόν"|Case="Accusative"|Unicode="τὸν"|FormalTag="T-ASM"|nodeId="630010020130010"|Gloss="the"|LexDomain="092004"|LN="92.24"
63001002014|αἰῶνα.|84001002010|ADV|id="n63001002014"|ref="2JN 1:2!14"|Cat="noun"|Start="37"|End="37"|StrongNumber="165"|UnicodeLemma="αἰών"|Gender="Masculine"|Number="Singular"|FunctionalTag="N-ASM"|Type="Common"|morphId="63001002014"|NormalizedForm="αἰῶνα"|Case="Accusative"|Unicode="αἰῶνα."|FormalTag="N-ASM"|nodeId="630010020140010"|Gloss="age"|LexDomain="067005"|LN="67.95"
63001003001|ἔσται|84001003003|VC|id="n63001003001"|ref="2JN 1:3!1"|Cat="verb"|Start="0"|End="0"|StrongNumber="1510"|UnicodeLemma="εἰμί"|Person="Third"|Mood="Indicative"|Tense="Future"|Number="Singular"|FunctionalTag="V-FDI-3S"|Type=""|morphId="63001003001"|NormalizedForm="ἔσται"|Unicode="ἔσται"|FormalTag="V-FDI-3S"|Voice="Middle"|nodeId="630010030010010"|Gloss="Will be"|LexDomain="013001"|LN="13.1"
63001003002|μεθ’|84001003003|prep|id="n63001003002"|ref="2JN 1:3!2"|Cat="prep"|Start="1"|End="1"|StrongNumber="3326"|UnicodeLemma="μετά"|FunctionalTag="PREP"|Type=""|morphId="63001003002"|NormalizedForm="μεθ’"|Unicode="μεθ’"|FormalTag="PREP"|nodeId="630010030020010"|Gloss="with"|LexDomain="090013"|LN="90.60"
63001003003|ἡμῶν|84001003003|CL|id="n63001003003"|ref="2JN 1:3!3"|Cat="pron"|Start="2"|End="2"|StrongNumber="1473"|UnicodeLemma="ἐγώ"|Number="Plural"|FunctionalTag="P-1GP"|Type="Personal"|morphId="63001003003"|NormalizedForm="ἡμῶν"|Case="Genitive"|Unicode="ἡμῶν"|FormalTag="P-1GP"|nodeId="630010030030010"|Gloss="us"|Ref="n63001001002 n63001001004 n63001001007 n63001001022"|LexDomain="092002"|LN="92.4"
63001003004|χάρις|84001003003|S|id="n63001003004"|ref="2JN 1:3!4"|Cat="noun"|Start="3"|End="3"|StrongNumber="5485"|UnicodeLemma="χάρις"|Gender="Feminine"|Number="Singular"|FunctionalTag="N-NSF"|Type="Common"|morphId="63001003004"|NormalizedForm="χάρις"|Case="Nominative"|Unicode="χάρις"|FormalTag="N-NSF"|nodeId="630010030040010"|Gloss="grace"|LexDomain="088009"|LN="88.66"
63001003005|ἔλεος|84001003004|np|id="n63001003005"|ref="2JN 1:3!5"|Cat="noun"|Start="4"|End="4"|StrongNumber="1656"|UnicodeLemma="ἔλεος"|Gender="Neuter"|Number="Singular"|FunctionalTag="N-NSN"|Type="Common"|morphId="63001003005"|NormalizedForm="ἔλεος"|Case="Nominative"|Unicode="ἔλεος"|FormalTag="N-NSN"|nodeId="630010030050010"|Gloss="mercy"|LexDomain="088010"|LN="88.76"
63001003006|εἰρήνη|84001003004|np|id="n63001003006"|ref="2JN 1:3!6"|Cat="noun"|Start="5"|End="5"|StrongNumber="1515"|UnicodeLemma="εἰρήνη"|Gender="Feminine"|Number="Singular"|FunctionalTag="N-NSF"|Type="Common"|morphId="63001003006"|NormalizedForm="εἰρήνη"|Case="Nominative"|Unicode="εἰρήνη"|FormalTag="N-NSF"|nodeId="630010030060010"|Gloss="[and] peace"|LexDomain="022007"|LN="22.42"
63001003007|παρὰ|84001003008|prep|id="n63001003007"|ref="2JN 1:3!7"|Cat="prep"|Start="6"|End="6"|StrongNumber="3844"|UnicodeLemma="παρά"|FunctionalTag="PREP"|Type=""|morphId="63001003007"|NormalizedForm="παρά"|Unicode="παρὰ"|FormalTag="PREP"|nodeId="630010030070010"|Gloss="from"|LexDomain="090003"|LN="90.14"
63001003008|Θεοῦ|84001003004|pp|id="n63001003008"|ref="2JN 1:3!8"|Cat="noun"|Start="7"|End="7"|StrongNumber="2316"|UnicodeLemma="θεός"|Gender="Masculine"|Number="Singular"|FunctionalTag="N-GSM"|Type="Common"|morphId="63001003008"|NormalizedForm="Θεοῦ"|Case="Genitive"|Unicode="Θεοῦ"|FormalTag="N-GSM"|nodeId="630010030080010"|Gloss="God"|LexDomain="012001"|LN="12.1"
63001003009|Πατρός,|84001003008|np|id="n63001003009"|ref="2JN 1:3!9"|Cat="noun"|Start="8"|End="8"|StrongNumber="3962"|UnicodeLemma="πατήρ"|Gender="Masculine"|Number="Singular"|FunctionalTag="N-GSM"|Type="Common"|morphId="63001003009"|NormalizedForm="Πατρός"|Case="Genitive"|Unicode="Πατρός,"|FormalTag="N-GSM"|nodeId="630010030090010"|Gloss="[the] Father"|LexDomain="012001"|LN="12.12"
63001003010|καὶ|84001003008|conj|id="n63001003010"|ref="2JN 1:3!10"|Cat="conj"|Start="9"|End="9"|StrongNumber="2532"|UnicodeLemma="καί"|FunctionalTag="CONJ"|Type=""|morphId="63001003010"|NormalizedForm="καί"|Unicode="καὶ"|FormalTag="CONJ"|nodeId="630010030100010"|Gloss="and"
63001003011|παρὰ|84001003012|prep|id="n63001003011"|ref="2JN 1:3!11"|Cat="prep"|Start="10"|End="10"|StrongNumber="3844"|UnicodeLemma="παρά"|FunctionalTag="PREP"|Type=""|morphId="63001003011"|NormalizedForm="παρά"|Unicode="παρὰ"|FormalTag="PREP"|nodeId="630010030110010"|Gloss="from"
63001003012|Ἰησοῦ|84001003008|pp|id="n63001003012"|ref="2JN 1:3!12"|Cat="noun"|Start="11"|End="11"|StrongNumber="2424"|UnicodeLemma="Ἰησοῦς"|Gender="Masculine"|Number="Singular"|FunctionalTag="N-GSM"|Type="Proper"|morphId="63001003012"|NormalizedForm="Ἰησοῦ"|Case="Genitive"|Unicode="Ἰησοῦ"|FormalTag="N-GSM"|nodeId="630010030120010"|Gloss="Jesus"|LexDomain="093001"|LN="93.169a"
63001003013|Χριστοῦ|84001003012|np|id="n63001003013"|ref="2JN 1:3!13"|Cat="noun"|Start="12"|End="12"|StrongNumber="5547"|UnicodeLemma="Χριστός"|Gender="Masculine"|Number="Singular"|FunctionalTag="N-GSM"|Type="Proper"|morphId="63001003013"|NormalizedForm="Χριστοῦ"|Case="Genitive"|Unicode="Χριστοῦ"|FormalTag="N-GSM"|nodeId="630010030130010"|Gloss="Christ"|LexDomain="093001"|LN="93.387"
63001003014|τοῦ|84001003015|det|id="n63001003014"|ref="2JN 1:3!14"|Cat="det"|Start="13"|End="13"|StrongNumber="3588"|UnicodeLemma="ὁ"|Gender="Masculine"|Number="Singular"|FunctionalTag="T-GSM"|Type=""|morphId="63001003014"|NormalizedForm="τοῦ"|Case="Genitive"|Unicode="τοῦ"|FormalTag="T-GSM"|nodeId="630010030140010"|Gloss="the"|LexDomain="092004"|LN="92.24"
63001003015|Υἱοῦ|84001003012|np|id="n63001003015"|ref="2JN 1:3!15"|Cat="noun"|Start="14"|End="14"|StrongNumber="5207"|UnicodeLemma="υἱός"|Gender="Masculine"|Number="Singular"|FunctionalTag="N-GSM"|Type="Common"|morphId="63001003015"|NormalizedForm="Υἱοῦ"|Case="Genitive"|Unicode="Υἱοῦ"|FormalTag="N-GSM"|nodeId="630010030150010"|Gloss="Son"|LexDomain="012001"|LN="12.15"
63001003016|τοῦ|84001003017|det|id="n63001003016"|ref="2JN 1:3!16"|Cat="det"|Start="15"|End="15"|StrongNumber="3588"|UnicodeLemma="ὁ"|Gender="Masculine"|Number="Singular"|FunctionalTag="T-GSM"|Type=""|morphId="63001003016"|NormalizedForm="τοῦ"|Case="Genitive"|Unicode="τοῦ"|FormalTag="T-GSM"|nodeId="630010030160010"|Gloss="of the"|LexDomain="092004"|LN="92.24"
63001003017|Πατρός,|84001003015|np|id="n63001003017"|ref="2JN 1:3!17"|Cat="noun"|Start="16"|End="16"|StrongNumber="3962"|UnicodeLemma="πατήρ"|Gender="Masculine"|Number="Singular"|FunctionalTag="N-GSM"|Type="Common"|morphId="63001003017"|NormalizedForm="Πατρός"|Case="Genitive"|Unicode="Πατρός,"|FormalTag="N-GSM"|nodeId="630010030170010"|Gloss="Father"|LexDomain="012001"|LN="12.12"
63001003018|ἐν|84001003019|prep|id="n63001003018"|ref="2JN 1:3!18"|Cat="prep"|Start="17"|End="17"|StrongNumber="1722"|UnicodeLemma="ἐν"|FunctionalTag="PREP"|Type=""|morphId="63001003018"|NormalizedForm="ἐν"|Unicode="ἐν"|FormalTag="PREP"|nodeId="630010030180010"|Gloss="in"|LexDomain="089007 089013"|LN="89.26 89.80"
63001003019|ἀληθείᾳ|84001003003|ADV|id="n63001003019"|ref="2JN 1:3!19"|Cat="noun"|Start="18"|End="18"|StrongNumber="225"|UnicodeLemma="ἀλήθεια"|Gender="Feminine"|Number="Singular"|FunctionalTag="N-DSF"|Type="Common"|morphId="63001003019"|NormalizedForm="ἀληθείᾳ"|Case="Dative"|Unicode="ἀληθείᾳ"|FormalTag="N-DSF"|nodeId="630010030190010"|Gloss="truth"|LexDomain="072001"|LN="72.2"
63001003020|καὶ|84001003019|conj|id="n63001003020"|ref="2JN 1:3!20"|Cat="conj"|Start="19"|End="19"|StrongNumber="2532"|UnicodeLemma="καί"|FunctionalTag="CONJ"|Type=""|morphId="63001003020"|NormalizedForm="καί"|Unicode="καὶ"|FormalTag="CONJ"|nodeId="630010030200010"|Gloss="and"
63001003021|ἀγάπῃ.|84001003019|np|id="n63001003021"|ref="2JN 1:3!21"|Cat="noun"|Start="20"|End="20"|StrongNumber="26"|UnicodeLemma="ἀγάπη"|Gender="Feminine"|Number="Singular"|FunctionalTag="N-DSF"|Type="Common"|morphId="63001003021"|NormalizedForm="ἀγάπῃ"|Case="Dative"|Unicode="ἀγάπῃ."|FormalTag="N-DSF"|nodeId="630010030210010"|Gloss="love"|LexDomain="025003"|LN="25.43"
63001004001|Ἐχάρην|84001004001|CL|id="n63001004001"|ref="2JN 1:4!1"|Cat="verb"|Start="0"|End="0"|StrongNumber="5463"|UnicodeLemma="χαίρω"|Person="First"|Mood="Indicative"|Tense="Aorist"|Number="Singular"|FunctionalTag="V-2AOI-1S"|Type=""|morphId="63001004001"|NormalizedForm="Ἐχάρην"|Unicode="Ἐχάρην"|FormalTag="V-2AOI-1S"|Voice="Passive"|nodeId="630010040010010"|Gloss="I rejoiced"|SubjRef="n63001001002"|Frame="A1:n63001001002"|LexDomain="025011"|LN="25.125"
63001004002|λίαν|84001004001|ADV|id="n63001004002"|ref="2JN 1:4!2"|Cat="adv"|Start="1"|End="1"|StrongNumber="3029"|UnicodeLemma="λίαν"|FunctionalTag="ADV"|Type=""|morphId="63001004002"|NormalizedForm="λίαν"|Unicode="λίαν"|FormalTag="ADV"|nodeId="630010040020010"|Gloss="exceedingly"|LexDomain="078001"|LN="78.1"
63001004003|ὅτι|84001004004|conj|id="n63001004003"|ref="2JN 1:4!3"|Cat="conj"|Start="2"|End="2"|StrongNumber="3754"|UnicodeLemma="ὅτι"|FunctionalTag="CONJ"|Type=""|morphId="63001004003"|NormalizedForm="ὅτι"|Unicode="ὅτι"|FormalTag="CONJ"|nodeId="630010040030010"|Gloss="that"|LexDomain="089007"|LN="89.33"
63001004004|εὕρηκα|84001004001|CL|id="n63001004004"|ref="2JN 1:4!4"|Cat="verb"|Start="3"|End="3"|StrongNumber="2147"|UnicodeLemma="εὑρίσκω"|Person="First"|Mood="Indicative"|Tense="Perfect"|Number="Singular"|FunctionalTag="V-RAI-1S"|Type=""|morphId="63001004004"|NormalizedForm="εὕρηκα"|Unicode="εὕρηκα"|FormalTag="V-RAI-1S"|Voice="Active"|nodeId="630010040040010"|Gloss="I have found"|SubjRef="n63001001002"|Frame="A0:n63001001002 A1:n63001004009"|LexDomain="027001"|LN="27.1"
63001004005|ἐκ|84001004007|prep|id="n63001004005"|ref="2JN 1:4!5"|Cat="prep"|Start="4"|End="4"|StrongNumber="1537"|UnicodeLemma="ἐκ"|FunctionalTag="PREP"|Type=""|morphId="63001004005"|NormalizedForm="ἐκ"|Unicode="ἐκ"|FormalTag="PREP"|nodeId="630010040050010"|Gloss="[some] of"
63001004006|τῶν|84001004007|det|id="n63001004006"|ref="2JN 1:4!6"|Cat="det"|Start="5"|End="5"|StrongNumber="3588"|UnicodeLemma="ὁ"|Gender="Neuter"|Number="Plural"|FunctionalTag="T-GPN"|Type=""|morphId="63001004006"|NormalizedForm="τῶν"|Case="Genitive"|Unicode="τῶν"|FormalTag="T-GPN"|nodeId="630010040060010"|Gloss="the"|LexDomain="092004"|LN="92.24"
63001004007|τέκνων|84001004009|ADV|id="n63001004007"|ref="2JN 1:4!7"|Cat="noun"|Start="6"|End="6"|StrongNumber="5043"|UnicodeLemma="τέκνον"|Gender="Neuter"|Number="Plural"|FunctionalTag="N-GPN"|Type="Common"|morphId="63001004007"|NormalizedForm="τέκνων"|Case="Genitive"|Unicode="τέκνων"|FormalTag="N-GPN"|nodeId="630010040070010"|Gloss="children"|LexDomain="010002"|LN="10.36"
63001004008|σου|84001004007|np|id="n63001004008"|ref="2JN 1:4!8"|Cat="pron"|Start="7"|End="7"|StrongNumber="4771"|UnicodeLemma="σύ"|Number="Singular"|FunctionalTag="P-2GS"|Type="Personal"|morphId="63001004008"|NormalizedForm="σου"|Case="Genitive"|Unicode="σου"|FormalTag="P-2GS"|nodeId="630010040080010"|Gloss="of you"|Ref="n63001001004"
63001004009|περιπατοῦντας|84001004004|O|id="n63001004009"|ref="2JN 1:4!9"|Cat="verb"|Start="8"|End="8"|StrongNumber="4043"|UnicodeLemma="περιπατέω"|Gender="Masculine"|Mood="Participle"|Tense="Present"|Number="Plural"|FunctionalTag="V-PAP-APM"|Type=""|morphId="63001004009"|NormalizedForm="περιπατοῦντας"|Case="Accusative"|Unicode="περιπατοῦντας"|FormalTag="V-PAP-APM"|Voice="Active"|nodeId="630010040090010"|Gloss="walking"|Frame="A0:n00000000000"|LexDomain="041001"|LN="41.11"
63001004010|ἐν|84001004011|prep|id="n63001004010"|ref="2JN 1:4!10"|Cat="prep"|Start="9"|End="9"|StrongNumber="1722"|UnicodeLemma="ἐν"|FunctionalTag="PREP"|Type=""|morphId="63001004010"|NormalizedForm="ἐν"|Unicode="ἐν"|FormalTag="PREP"|nodeId="630010040100010"|Gloss="in"|LexDomain="070"|LN="70.4"
63001004011|ἀληθείᾳ,|84001004009|ADV|id="n63001004011"|ref="2JN 1:4!11"|Cat="noun"|Start="10"|End="10"|StrongNumber="225"|UnicodeLemma="ἀλήθεια"|Gender="Feminine"|Number="Singular"|FunctionalTag="N-DSF"|Type="Common"|morphId="63001004011"|NormalizedForm="ἀληθείᾳ"|Case="Dative"|Unicode="ἀληθείᾳ,"|FormalTag="N-DSF"|nodeId="630010040110010"|Gloss="truth"|LexDomain="070"|LN="70.4"
63001004012|καθὼς|84001004014|conj|id="n63001004012"|ref="2JN 1:4!12"|Cat="conj"|Start="11"|End="11"|StrongNumber="2531"|UnicodeLemma="καθώς"|FunctionalTag="ADV"|Type=""|morphId="63001004012"|NormalizedForm="καθώς"|Unicode="καθὼς"|FormalTag="ADV"|nodeId="630010040120010"|Gloss="just as"|LexDomain="064"|LN="64.14"
63001004013|ἐντολὴν|84001004014|O|id="n63001004013"|ref="2JN 1:4!13"|Cat="noun"|Start="12"|End="12"|StrongNumber="1785"|UnicodeLemma="ἐντολή"|Gender="Feminine"|Number="Singular"|FunctionalTag="N-ASF"|Type="Common"|morphId="63001004013"|NormalizedForm="ἐντολήν"|Case="Accusative"|Unicode="ἐντολὴν"|FormalTag="N-ASF"|nodeId="630010040130010"|Gloss="commandment"|LexDomain="033032"|LN="33.330"
63001004014|ἐλάβομεν|84001004009|CL|id="n63001004014"|ref="2JN 1:4!14"|Cat="verb"|Start="13"|End="13"|StrongNumber="2983"|UnicodeLemma="λαμβάνω"|Person="First"|Mood="Indicative"|Tense="Aorist"|Number="Plural"|FunctionalTag="V-2AAI-1P"|Type=""|morphId="63001004014"|NormalizedForm="ἐλάβομεν"|Unicode="ἐλάβομεν"|FormalTag="V-2AAI-1P"|Voice="Active"|nodeId="630010040140010"|Gloss="we received"|SubjRef="n63001001002 n63001001004 n63001001007 n63001001022"|Frame="A0:n63001001002;n63001001004;n63001001007;n63001001022 A1:n63001004013"|LexDomain="057009"|LN="57.125"
63001004015|παρὰ|84001004017|prep|id="n63001004015"|ref="2JN 1:4!15"|Cat="prep"|Start="14"|End="14"|StrongNumber="3844"|UnicodeLemma="παρά"|FunctionalTag="PREP"|Type=""|morphId="63001004015"|NormalizedForm="παρά"|Unicode="παρὰ"|FormalTag="PREP"|nodeId="630010040150010"|Gloss="from"|LexDomain="090003"|LN="90.14"
63001004016|τοῦ|84001004017|det|id="n63001004016"|ref="2JN 1:4!16"|Cat="det"|Start="15"|End="15"|StrongNumber="3588"|UnicodeLemma="ὁ"|Gender="Masculine"|Number="Singular"|FunctionalTag="T-GSM"|Type=""|morphId="63001004016"|NormalizedForm="τοῦ"|Case="Genitive"|Unicode="τοῦ"|FormalTag="T-GSM"|nodeId="630010040160010"|Gloss="the"|LexDomain="092004"|LN="92.24"
63001004017|Πατρός.|84001004014|ADV|id="n63001004017"|ref="2JN 1:4!17"|Cat="noun"|Start="16"|End="16"|StrongNumber="3962"|UnicodeLemma="πατήρ"|Gender="Masculine"|Number="Singular"|FunctionalTag="N-GSM"|Type="Common"|morphId="63001004017"|NormalizedForm="Πατρός"|Case="Genitive"|Unicode="Πατρός."|FormalTag="N-GSM"|nodeId="630010040170010"|Gloss="Father"|LexDomain="012001"|LN="12.12"
63001005001|καὶ|84001005003|conj|id="n63001005001"|ref="2JN 1:5!1"|Cat="conj"|Start="0"|End="0"|StrongNumber="2532"|UnicodeLemma="καί"|FunctionalTag="CONJ"|Type=""|morphId="63001005001"|NormalizedForm="καί"|Unicode="καὶ"|FormalTag="CONJ"|nodeId="630010050010010"|Gloss="And"|LexDomain="089015"|LN="89.87"
63001005005|κυρία,|84001005003|CL|id="n63001005005"|ref="2JN 1:5!5"|Cat="noun"|Start="1"|End="1"|StrongNumber="2959"|UnicodeLemma="κυρία"|Gender="Feminine"|Number="Singular"|FunctionalTag="N-VSF"|Type="Common"|morphId="63001005005"|NormalizedForm="κυρία"|Case="Vocative"|Unicode="κυρία,"|FormalTag="N-VSF"|nodeId="630010050050010"|Gloss="lady"|LexDomain="087003"|LN="87.54"
63001005002|νῦν|84001005003|ADV|id="n63001005002"|ref="2JN 1:5!2"|Cat="adv"|Start="2"|End="2"|StrongNumber="3568"|UnicodeLemma="νῦν"|FunctionalTag="ADV"|Type=""|morphId="63001005002"|NormalizedForm="νῦν"|Unicode="νῦν"|FormalTag="ADV"|nodeId="630010050020010"|Gloss="now"|LexDomain="067002"|LN="67.38"
63001005003|ἐρωτῶ|84001005003|CL|id="n63001005003"|ref="2JN 1:5!3"|Cat="verb"|Start="3"|End="3"|StrongNumber="2065"|UnicodeLemma="ἐρωτάω"|Person="First"|Mood="Indicative"|Tense="Present"|Number="Singular"|FunctionalTag="V-PAI-1S"|Type=""|morphId="63001005003"|NormalizedForm="ἐρωτῶ"|Unicode="ἐρωτῶ"|FormalTag="V-PAI-1S"|Voice="Active"|nodeId="630010050030010"|Gloss="I implore"|SubjRef="n63001001002"|Frame="A0:n63001001002 A1:n63001005004"|LexDomain="033012"|LN="33.161"
63001005004|σε,|84001005003|O|id="n63001005004"|ref="2JN 1:5!4"|Cat="pron"|Start="4"|End="4"|StrongNumber="4771"|UnicodeLemma="σύ"|Number="Singular"|FunctionalTag="P-2AS"|Type="Personal"|morphId="63001005004"|NormalizedForm="σε"|Case="Accusative"|Unicode="σε,"|FormalTag="P-2AS"|nodeId="630010050040010"|Gloss="you"|Ref="n63001005005"
63001005009|γράφων|84001005003|ADV|id="n63001005009"|ref="2JN 1:5!9"|Cat="verb"|Start="5"|End="5"|StrongNumber="1125"|UnicodeLemma="γράφω"|Gender="Masculine"|Mood="Participle"|Tense="Present"|Number="Singular"|FunctionalTag="V-PAP-NSM"|Type=""|morphId="63001005009"|NormalizedForm="γράφων"|Case="Nominative"|Unicode="γράφων"|FormalTag="V-PAP-NSM"|Voice="Active"|nodeId="630010050090010"|Gloss="I am writing"|SubjRef="n63001001002"|Frame="A0:n63001001002 A2:n63001005010"|LexDomain="033005"|LN="33.61"
63001005010|σοι|84001005009|IO|id="n63001005010"|ref="2JN 1:5!10"|Cat="pron"|Start="6"|End="6"|StrongNumber="4771"|UnicodeLemma="σύ"|Number="Singular"|FunctionalTag="P-2DS"|Type="Personal"|morphId="63001005010"|NormalizedForm="σοι"|Case="Dative"|Unicode="σοι"|FormalTag="P-2DS"|nodeId="630010050100010"|Gloss="to you"|Ref="n63001005005"
63001005006|οὐχ|84001005014|advp|id="n63001005006"|ref="2JN 1:5!6"|Cat="adv"|Start="7"|End="7"|StrongNumber="3756"|UnicodeLemma="οὐ"|FunctionalTag="PRT-N"|Type=""|morphId="63001005006"|NormalizedForm="οὐχ"|Unicode="οὐχ"|FormalTag="PRT-N"|nodeId="630010050060010"|Gloss="not"
63001005007|ὡς|84001005008|conj|id="n63001005007"|ref="2JN 1:5!7"|Cat="conj"|Start="8"|End="8"|StrongNumber="5613"|UnicodeLemma="ὡς"|FunctionalTag="ADV"|Type=""|morphId="63001005007"|NormalizedForm="ὡς"|Unicode="ὡς"|FormalTag="ADV"|nodeId="630010050070010"|Gloss="as"|LexDomain="064"|LN="64.12"
63001005008|ἐντολὴν|84001005014|CL|id="n63001005008"|ref="2JN 1:5!8"|Cat="noun"|Start="9"|End="9"|StrongNumber="1785"|UnicodeLemma="ἐντολή"|Gender="Feminine"|Number="Singular"|FunctionalTag="N-ASF"|Type="Common"|morphId="63001005008"|NormalizedForm="ἐντολήν"|Case="Accusative"|Unicode="ἐντολὴν"|FormalTag="N-ASF"|nodeId="630010050080010"|Gloss="a commandment"|LexDomain="033032"|LN="33.330"
63001005011|καινὴν,|84001005008|adjp|id="n63001005011"|ref="2JN 1:5!11"|Cat="adj"|Start="10"|End="10"|StrongNumber="2537"|UnicodeLemma="καινός"|Gender="Feminine"|Number="Singular"|FunctionalTag="A-ASF"|Type=""|morphId="63001005011"|NormalizedForm="καινήν"|Case="Accusative"|Unicode="καινὴν,"|FormalTag="A-ASF"|nodeId="630010050110010"|Gloss="new"|LexDomain="028003"|LN="28.33"
63001005012|ἀλλὰ|84001005014|conj|id="n63001005012"|ref="2JN 1:5!12"|Cat="conj"|Start="11"|End="11"|StrongNumber="235"|UnicodeLemma="ἀλλά"|FunctionalTag="CONJ"|Type=""|morphId="63001005012"|NormalizedForm="ἀλλά"|Unicode="ἀλλὰ"|FormalTag="CONJ"|nodeId="630010050120010"|Gloss="but"|LexDomain="089023"|LN="89.125"
63001005013|ἣν|84001005014|O|id="n63001005013"|ref="2JN 1:5!13"|Cat="pron"|Start="12"|End="12"|StrongNumber="3739"|UnicodeLemma="ὅς"|Gender="Feminine"|Number="Singular"|FunctionalTag="R-ASF"|Type="Relative"|morphId="63001005013"|NormalizedForm="ἥν"|Case="Accusative"|Unicode="ἣν"|FormalTag="R-ASF"|nodeId="630010050130010"|Gloss="that which"
63001005014|εἴχαμεν|84001005009|ADV|id="n63001005014"|ref="2JN 1:5!14"|Cat="verb"|Start="13"|End="13"|StrongNumber="2192"|UnicodeLemma="ἔχω"|Person="First"|Mood="Indicative"|Tense="Imperfect"|Number="Plural"|FunctionalTag="V-IAI-1P"|Type=""|morphId="63001005014"|NormalizedForm="εἴχαμεν"|Unicode="εἴχαμεν"|FormalTag="V-IAI-1P"|Voice="Active"|nodeId="630010050140010"|Gloss="we have had"|SubjRef="n63001001002 n63001005005 n63001001007 n63001001022"|Frame="A0:n63001001002;n63001005005;n63001001007;n63001001022 A1:n63001005013"|LexDomain="090013"|LN="90.65"
63001005015|ἀπ’|84001005016|prep|id="n63001005015"|ref="2JN 1:5!15"|Cat="prep"|Start="14"|End="14"|StrongNumber="575"|UnicodeLemma="ἀπό"|FunctionalTag="PREP"|Type=""|morphId="63001005015"|NormalizedForm="ἀπ’"|Unicode="ἀπ’"|FormalTag="PREP"|nodeId="630010050150010"|Gloss="from"|LexDomain="067006"|LN="67.131"
63001005016|ἀρχῆς,|84001005014|ADV|id="n63001005016"|ref="2JN 1:5!16"|Cat="noun"|Start="15"|End="15"|StrongNumber="746"|UnicodeLemma="ἀρχή"|Gender="Feminine"|Number="Singular"|FunctionalTag="N-GSF"|Type="Common"|morphId="63001005016"|NormalizedForm="ἀρχῆς"|Case="Genitive"|Unicode="ἀρχῆς,"|FormalTag="N-GSF"|nodeId="630010050160010"|Gloss="[the] beginning"|LexDomain="067003"|LN="67.65"
63001005017|ἵνα|84001005018|conj|id="n63001005017"|ref="2JN 1:5!17"|Cat="conj"|Start="16"|End="16"|StrongNumber="2443"|UnicodeLemma="ἵνα"|FunctionalTag="CONJ"|Type=""|morphId="63001005017"|NormalizedForm="ἵνα"|Unicode="ἵνα"|FormalTag="CONJ"|nodeId="630010050170010"|Gloss="that"|LexDomain="090006"|LN="90.22"
63001005018|ἀγαπῶμεν|84001005003|CL|id="n63001005018"|ref="2JN 1:5!18"|Cat="verb"|Start="17"|End="17"|StrongNumber="25"|UnicodeLemma="ἀγαπάω"|Person="First"|Mood="Subjunctive"|Tense="Present"|Number="Plural"|FunctionalTag="V-PAS-1P"|Type=""|morphId="63001005018"|NormalizedForm="ἀγαπῶμεν"|Unicode="ἀγαπῶμεν"|FormalTag="V-PAS-1P"|Voice="Active"|nodeId="630010050180010"|Gloss="we should love"|SubjRef="n63001001002 n63001005005 n63001001007 n63001001022"|Frame="A0:n63001001002;n63001005005;n63001001007;n63001001022 A1:n63001005019"|LexDomain="025003"|LN="25.43"
63001005019|ἀλλήλους.|84001005018|O|id="n63001005019"|ref="2JN 1:5!19"|Cat="pron"|Start="18"|End="18"|StrongNumber="240"|UnicodeLemma="ἀλλήλων"|Gender="Masculine"|Number="Plural"|FunctionalTag="C-APM"|Type="Personal"|morphId="63001005019"|NormalizedForm="ἀλλήλους"|Case="Accusative"|Unicode="ἀλλήλους."|FormalTag="C-APM"|nodeId="630010050190010"|Gloss="one another"|Ref="n63001001002 n63001005005 n63001001007 n63001001022"|LexDomain="092005"|LN="92.26"
63001006001|καὶ|84001006002|conj|id="n63001006001"|ref="2JN 1:6!1"|Cat="conj"|Start="0"|End="0"|StrongNumber="2532"|UnicodeLemma="καί"|FunctionalTag="CONJ"|Type=""|morphId="63001006001"|NormalizedForm="καί"|Unicode="καὶ"|FormalTag="CONJ"|nodeId="630010060010010"|Gloss="And"|LexDomain="089015"|LN="89.87"
63001006002|αὕτη|84001006002|CL|id="n63001006002"|ref="2JN 1:6!2"|Cat="pron"|Start="1"|End="1"|StrongNumber="3778"|UnicodeLemma="οὗτος"|Gender="Feminine"|Number="Singular"|FunctionalTag="D-NSF"|Type="Demonstrative"|morphId="63001006002"|NormalizedForm="αὕτη"|Case="Nominative"|Unicode="αὕτη"|FormalTag="D-NSF"|nodeId="630010060020010"|Gloss="this"|Ref="n63001006007"
63001006003|ἐστὶν|84001006002|VC|id="n63001006003"|ref="2JN 1:6!3"|Cat="verb"|Start="2"|End="2"|StrongNumber="1510"|UnicodeLemma="εἰμί"|Person="Third"|Mood="Indicative"|Tense="Present"|Number="Singular"|FunctionalTag="V-PAI-3S"|Type=""|morphId="63001006003"|NormalizedForm="ἐστίν"|Unicode="ἐστὶν"|FormalTag="V-PAI-3S"|Voice="Active"|nodeId="630010060030010"|Gloss="is"
63001006004|ἡ|84001006005|det|id="n63001006004"|ref="2JN 1:6!4"|Cat="det"|Start="3"|End="3"|StrongNumber="3588"|UnicodeLemma="ὁ"|Gender="Feminine"|Number="Singular"|FunctionalTag="T-NSF"|Type=""|morphId="63001006004"|NormalizedForm="ἡ"|Case="Nominative"|Unicode="ἡ"|FormalTag="T-NSF"|nodeId="630010060040010"|Gloss="-"|LexDomain="092004"|LN="92.24"
63001006005|ἀγάπη,|84001006002|S|id="n63001006005"|ref="2JN 1:6!5"|Cat="noun"|Start="4"|End="4"|StrongNumber="26"|UnicodeLemma="ἀγάπη"|Gender="Feminine"|Number="Singular"|FunctionalTag="N-NSF"|Type="Common"|morphId="63001006005"|NormalizedForm="ἀγάπη"|Case="Nominative"|Unicode="ἀγάπη,"|FormalTag="N-NSF"|nodeId="630010060050010"|Gloss="love"|LexDomain="025003"|LN="25.43"
63001006006|ἵνα|84001006007|conj|id="n63001006006"|ref="2JN 1:6!6"|Cat="adv"|Start="5"|End="5"|StrongNumber="2443"|UnicodeLemma="ἵνα"|FunctionalTag="CONJ"|Type=""|morphId="63001006006"|NormalizedForm="ἵνα"|Unicode="ἵνα"|FormalTag="CONJ"|nodeId="630010060060010"|Gloss="that"|LexDomain="090006"|LN="90.22"
63001006007|περιπατῶμεν|84001006002|CL|id="n63001006007"|ref="2JN 1:6!7"|Cat="verb"|Start="6"|End="6"|StrongNumber="4043"|UnicodeLemma="περιπατέω"|Person="First"|Mood="Subjunctive"|Tense="Present"|Number="Plural"|FunctionalTag="V-PAS-1P"|Type=""|morphId="63001006007"|NormalizedForm="περιπατῶμεν"|Unicode="περιπατῶμεν"|FormalTag="V-PAS-1P"|Voice="Active"|nodeId="630010060070010"|Gloss="we should walk"|SubjRef="n63001001002 n63001005005 n63001001007 n63001001022"|Frame="A0:n63001001002;n63001005005;n63001001007;n63001001022"|LexDomain="041001"|LN="41.11"
63001006008|κατὰ|84001006010|prep|id="n63001006008"|ref="2JN 1:6!8"|Cat="prep"|Start="7"|End="7"|StrongNumber="2596"|UnicodeLemma="κατά"|FunctionalTag="PREP"|Type=""|morphId="63001006008"|NormalizedForm="κατά"|Unicode="κατὰ"|FormalTag="PREP"|nodeId="630010060080010"|Gloss="according to"|LexDomain="089005"|LN="89.8"
63001006009|τὰς|84001006010|det|id="n63001006009"|ref="2JN 1:6!9"|Cat="det"|Start="8"|End="8"|StrongNumber="3588"|UnicodeLemma="ὁ"|Gender="Feminine"|Number="Plural"|FunctionalTag="T-APF"|Type=""|morphId="63001006009"|NormalizedForm="τάς"|Case="Accusative"|Unicode="τὰς"|FormalTag="T-APF"|nodeId="630010060090010"|Gloss="the"|LexDomain="092004"|LN="92.24"
63001006010|ἐντολὰς|84001006007|ADV|id="n63001006010"|ref="2JN 1:6!10"|Cat="noun"|Start="9"|End="9"|StrongNumber="1785"|UnicodeLemma="ἐντολή"|Gender="Feminine"|Number="Plural"|FunctionalTag="N-APF"|Type="Common"|morphId="63001006010"|NormalizedForm="ἐντολάς"|Case="Accusative"|Unicode="ἐντολὰς"|FormalTag="N-APF"|nodeId="630010060100010"|Gloss="commandments"|LexDomain="033032"|LN="33.330"
63001006011|αὐτοῦ·|84001006010|np|id="n63001006011"|ref="2JN 1:6!11"|Cat="pron"|Start="10"|End="10"|StrongNumber="846"|UnicodeLemma="αὐτός"|Gender="Masculine"|Number="Singular"|FunctionalTag="P-GSM"|Type="Personal"|morphId="63001006011"|NormalizedForm="αὐτοῦ"|Case="Genitive"|Unicode="αὐτοῦ·"|FormalTag="P-GSM"|nodeId="630010060110010"|Gloss="of Him"|Ref="n63001004017"
63001006012|αὕτη|84001006012|CL|id="n63001006012"|ref="2JN 1:6!12"|Cat="pron"|Start="0"|End="0"|StrongNumber="3778"|UnicodeLemma="οὗτος"|Gender="Feminine"|Number="Singular"|FunctionalTag="D-NSF"|Type="Demonstrative"|morphId="63001006012"|NormalizedForm="αὕτη"|Case="Nominative"|Unicode="αὕτη"|FormalTag="D-NSF"|nodeId="630010060120010"|Gloss="This"|Ref="n63001006023"
63001006013|ἡ|84001006014|det|id="n63001006013"|ref="2JN 1:6!13"|Cat="det"|Start="1"|End="1"|StrongNumber="3588"|UnicodeLemma="ὁ"|Gender="Feminine"|Number="Singular"|FunctionalTag="T-NSF"|Type=""|morphId="63001006013"|NormalizedForm="ἡ"|Case="Nominative"|Unicode="ἡ"|FormalTag="T-NSF"|nodeId="630010060130010"|Gloss="the"|LexDomain="092004"|LN="92.24"
63001006014|ἐντολή|84001006012|S|id="n63001006014"|ref="2JN 1:6!14"|Cat="noun"|Start="2"|End="2"|StrongNumber="1785"|UnicodeLemma="ἐντολή"|Gender="Feminine"|Number="Singular"|FunctionalTag="N-NSF"|Type="Common"|morphId="63001006014"|NormalizedForm="ἐντολή"|Case="Nominative"|Unicode="ἐντολή"|FormalTag="N-NSF"|nodeId="630010060140010"|Gloss="commandment"|LexDomain="033032"|LN="33.330"
63001006015|ἐστιν,|84001006012|VC|id="n63001006015"|ref="2JN 1:6!15"|Cat="verb"|Start="3"|End="3"|StrongNumber="1510"|UnicodeLemma="εἰμί"|Person="Third"|Mood="Indicative"|Tense="Present"|Number="Singular"|FunctionalTag="V-PAI-3S"|Type=""|morphId="63001006015"|NormalizedForm="ἐστιν"|Unicode="ἐστιν,"|FormalTag="V-PAI-3S"|Voice="Active"|nodeId="630010060150010"|Gloss="is"
63001006016|καθὼς|84001006017|conj|id="n63001006016"|ref="2JN 1:6!16"|Cat="conj"|Start="4"|End="4"|StrongNumber="2531"|UnicodeLemma="καθώς"|FunctionalTag="ADV"|Type=""|morphId="63001006016"|NormalizedForm="καθώς"|Unicode="καθὼς"|FormalTag="ADV"|nodeId="630010060160010"|Gloss="just as"|LexDomain="064"|LN="64.14"
63001006017|ἠκούσατε|84001006012|CL|id="n63001006017"|ref="2JN 1:6!17"|Cat="verb"|Start="5"|End="5"|StrongNumber="191"|UnicodeLemma="ἀκούω"|Person="Second"|Mood="Indicative"|Tense="Aorist"|Number="Plural"|FunctionalTag="V-AAI-2P"|Type=""|morphId="63001006017"|NormalizedForm="ἠκούσατε"|Unicode="ἠκούσατε"|FormalTag="V-AAI-2P"|Voice="Active"|nodeId="630010060170010"|Gloss="you have heard"|SubjRef="n63001005005 n63001001007"|Frame="A0:n63001005005;n63001001007"|LexDomain="024002"|LN="24.52"
63001006018|ἀπ’|84001006019|prep|id="n63001006018"|ref="2JN 1:6!18"|Cat="prep"|Start="6"|End="6"|StrongNumber="575"|UnicodeLemma="ἀπό"|FunctionalTag="PREP"|Type=""|morphId="63001006018"|NormalizedForm="ἀπ’"|Unicode="ἀπ’"|FormalTag="PREP"|nodeId="630010060180010"|Gloss="from"
63001006019|ἀρχῆς,|84001006017|ADV|id="n63001006019"|ref="2JN 1:6!19"|Cat="noun"|Start="7"|End="7"|StrongNumber="746"|UnicodeLemma="ἀρχή"|Gender="Feminine"|Number="Singular"|FunctionalTag="N-GSF"|Type="Common"|morphId="63001006019"|NormalizedForm="ἀρχῆς"|Case="Genitive"|Unicode="ἀρχῆς,"|FormalTag="N-GSF"|nodeId="630010060190010"|Gloss="[the] beginning"|LexDomain="067003"|LN="67.65"
63001006020|ἵνα|84001006023|conj|id="n63001006020"|ref="2JN 1:6!20"|Cat="adv"|Start="8"|End="8"|StrongNumber="2443"|UnicodeLemma="ἵνα"|FunctionalTag="CONJ"|Type=""|morphId="63001006020"|NormalizedForm="ἵνα"|Unicode="ἵνα"|FormalTag="CONJ"|nodeId="630010060200010"|Gloss="so that"|LexDomain="090006"|LN="90.22"
63001006021|ἐν|84001006022|prep|id="n63001006021"|ref="2JN 1:6!21"|Cat="prep"|Start="9"|End="9"|StrongNumber="1722"|UnicodeLemma="ἐν"|FunctionalTag="PREP"|Type=""|morphId="63001006021"|NormalizedForm="ἐν"|Unicode="ἐν"|FormalTag="PREP"|nodeId="630010060210010"|Gloss="in"|LexDomain="089012"|LN="89.76"
63001006022|αὐτῇ|84001006023|ADV|id="n63001006022"|ref="2JN 1:6!22"|Cat="pron"|Start="10"|End="10"|StrongNumber="846"|UnicodeLemma="αὐτός"|Gender="Feminine"|Number="Singular"|FunctionalTag="P-DSF"|Type="Personal"|morphId="63001006022"|NormalizedForm="αὐτῇ"|Case="Dative"|Unicode="αὐτῇ"|FormalTag="P-DSF"|nodeId="630010060220010"|Gloss="it"|Ref="n63001006005"
63001006023|περιπατῆτε.|84001006012|CL|id="n63001006023"|ref="2JN 1:6!23"|Cat="verb"|Start="11"|End="11"|StrongNumber="4043"|UnicodeLemma="περιπατέω"|Person="Second"|Mood="Subjunctive"|Tense="Present"|Number="Plural"|FunctionalTag="V-PAS-2P"|Type=""|morphId="63001006023"|NormalizedForm="περιπατῆτε"|Unicode="περιπατῆτε."|FormalTag="V-PAS-2P"|Voice="Active"|nodeId="630010060230010"|Gloss="you should walk"|SubjRef="n63001005005 n63001001007"|Frame="A0:n63001005005;n63001001007"|LexDomain="041001"|LN="41.11"
63001007001|ὅτι|84001007004|conj|id="n63001007001"|ref="2JN 1:7!1"|Cat="conj"|Start="0"|End="0"|StrongNumber="3754"|UnicodeLemma="ὅτι"|FunctionalTag="CONJ"|Type=""|morphId="63001007001"|NormalizedForm="ὅτι"|Unicode="ὅτι"|FormalTag="CONJ"|nodeId="630010070010010"|Gloss="For"|LexDomain="089007"|LN="89.33"
63001007004|ἐξῆλθον|84001007004|CL|id="n63001007004"|ref="2JN 1:7!4"|Cat="verb"|Start="1"|End="1"|StrongNumber="1831"|UnicodeLemma="ἐξέρχομαι"|Person="Third"|Mood="Indicative"|Tense="Aorist"|Number="Plural"|FunctionalTag="V-2AAI-3P"|Type=""|morphId="63001007004"|NormalizedForm="ἐξῆλθον"|Unicode="ἐξῆλθον"|FormalTag="V-2AAI-3P"|Voice="Active"|nodeId="630010070040010"|Gloss="have entered"|Frame="A0:n63001007003"|LexDomain="015004"|LN="15.40"
63001007005|εἰς|84001007007|prep|id="n63001007005"|ref="2JN 1:7!5"|Cat="prep"|Start="2"|End="2"|StrongNumber="1519"|UnicodeLemma="εἰς"|FunctionalTag="PREP"|Type=""|morphId="63001007005"|NormalizedForm="εἰς"|Unicode="εἰς"|FormalTag="PREP"|nodeId="630010070050010"|Gloss="into"|LexDomain="084002"|LN="84.22"
63001007006|τὸν|84001007007|det|id="n63001007006"|ref="2JN 1:7!6"|Cat="det"|Start="3"|End="3"|StrongNumber="3588"|UnicodeLemma="ὁ"|Gender="Masculine"|Number="Singular"|FunctionalTag="T-ASM"|Type=""|morphId="63001007006"|NormalizedForm="τόν"|Case="Accusative"|Unicode="τὸν"|FormalTag="T-ASM"|nodeId="630010070060010"|Gloss="the"|LexDomain="092004"|LN="92.24"
63001007007|κόσμον,|84001007004|ADV|id="n63001007007"|ref="2JN 1:7!7"|Cat="noun"|Start="4"|End="4"|StrongNumber="2889"|UnicodeLemma="κόσμος"|Gender="Masculine"|Number="Singular"|FunctionalTag="N-ASM"|Type="Common"|morphId="63001007007"|NormalizedForm="κόσμον"|Case="Accusative"|Unicode="κόσμον,"|FormalTag="N-ASM"|nodeId="630010070070010"|Gloss="world"|LexDomain="041003"|LN="41.38"
63001007002|πολλοὶ|84001007003|adjp|id="n63001007002"|ref="2JN 1:7!2"|Cat="adj"|Start="5"|End="5"|StrongNumber="4183"|UnicodeLemma="πολύς"|Gender="Masculine"|Number="Plural"|FunctionalTag="A-NPM"|Type=""|morphId="63001007002"|NormalizedForm="πολλοί"|Case="Nominative"|Unicode="πολλοὶ"|FormalTag="A-NPM"|nodeId="630010070020010"|Gloss="many"|LexDomain="059001"|LN="59.1"
63001007003|πλάνοι|84001007004|S|id="n63001007003"|ref="2JN 1:7!3"|Cat="adj"|Start="6"|End="6"|StrongNumber="4108"|UnicodeLemma="πλάνος"|Gender="Masculine"|Number="Plural"|FunctionalTag="A-NPM"|Type=""|morphId="63001007003"|NormalizedForm="πλάνοι"|Case="Nominative"|Unicode="πλάνοι"|FormalTag="A-NPM"|nodeId="630010070030010"|Gloss="deceivers"|LexDomain="031002"|LN="31.9"
63001007008|οἱ|84001007010|det|id="n63001007008"|ref="2JN 1:7!8"|Cat="det"|Start="7"|End="7"|StrongNumber="3588"|UnicodeLemma="ὁ"|Gender="Masculine"|Number="Plural"|FunctionalTag="T-NPM"|Type=""|morphId="63001007008"|NormalizedForm="οἱ"|Case="Nominative"|Unicode="οἱ"|FormalTag="T-NPM"|nodeId="630010070080010"|Gloss="those"|LexDomain="092004"|LN="92.24"
63001007009|μὴ|84001007010|ADV|id="n63001007009"|ref="2JN 1:7!9"|Cat="adv"|Start="8"|End="8"|StrongNumber="3361"|UnicodeLemma="μή"|FunctionalTag="PRT-N"|Type=""|morphId="63001007009"|NormalizedForm="μή"|Unicode="μὴ"|FormalTag="PRT-N"|nodeId="630010070090010"|Gloss="not"
63001007010|ὁμολογοῦντες|84001007003|np|id="n63001007010"|ref="2JN 1:7!10"|Cat="verb"|Start="9"|End="9"|StrongNumber="3670"|UnicodeLemma="ὁμολογέω"|Gender="Masculine"|Mood="Participle"|Tense="Present"|Number="Plural"|FunctionalTag="V-PAP-NPM"|Type=""|morphId="63001007010"|NormalizedForm="ὁμολογοῦντες"|Case="Nominative"|Unicode="ὁμολογοῦντες"|FormalTag="V-PAP-NPM"|Voice="Active"|nodeId="630010070100010"|Gloss="confessing"|SubjRef="n63001007003"|Frame="A0:n63001007003 A1:n63001007013"|LexDomain="033021"|LN="33.274"
63001007011|Ἰησοῦν|84001007013|S|id="n63001007011"|ref="2JN 1:7!11"|Cat="noun"|Start="10"|End="10"|StrongNumber="2424"|UnicodeLemma="Ἰησοῦς"|Gender="Masculine"|Number="Singular"|FunctionalTag="N-ASM"|Type="Proper"|morphId="63001007011"|NormalizedForm="Ἰησοῦν"|Case="Accusative"|Unicode="Ἰησοῦν"|FormalTag="N-ASM"|nodeId="630010070110010"|Gloss="Jesus"|LexDomain="093001"|LN="93.169a"
63001007012|Χριστὸν|84001007011|np|id="n63001007012"|ref="2JN 1:7!12"|Cat="noun"|Start="11"|End="11"|StrongNumber="5547"|UnicodeLemma="Χριστός"|Gender="Masculine"|Number="Singular"|FunctionalTag="N-ASM"|Type="Proper"|morphId="63001007012"|NormalizedForm="Χριστόν"|Case="Accusative"|Unicode="Χριστὸν"|FormalTag="N-ASM"|nodeId="630010070120010"|Gloss="Christ"|LexDomain="093001"|LN="93.387"
63001007013|ἐρχόμενον|84001007010|O|id="n63001007013"|ref="2JN 1:7!13"|Cat="verb"|Start="12"|End="12"|StrongNumber="2064"|UnicodeLemma="ἔρχομαι"|Gender="Masculine"|Mood="Participle"|Tense="Present"|Number="Singular"|FunctionalTag="V-PNP-ASM"|Type=""|morphId="63001007013"|NormalizedForm="ἐρχόμενον"|Case="Accusative"|Unicode="ἐρχόμενον"|FormalTag="V-PNP-ASM"|Voice="MiddlePassive"|nodeId="630010070130010"|Gloss="coming"|Frame="A0:n63001007011"|LexDomain="015006"|LN="15.81"
63001007014|ἐν|84001007015|prep|id="n63001007014"|ref="2JN 1:7!14"|Cat="prep"|Start="13"|End="13"|StrongNumber="1722"|UnicodeLemma="ἐν"|FunctionalTag="PREP"|Type=""|morphId="63001007014"|NormalizedForm="ἐν"|Unicode="ἐν"|FormalTag="PREP"|nodeId="630010070140010"|Gloss="in"|LexDomain="013001"|LN="13.8"
63001007015|σαρκί·|84001007013|ADV|id="n63001007015"|ref="2JN 1:7!15"|Cat="noun"|Start="14"|End="14"|StrongNumber="4561"|UnicodeLemma="σάρξ"|Gender="Feminine"|Number="Singular"|FunctionalTag="N-DSF"|Type="Common"|morphId="63001007015"|NormalizedForm="σαρκί"|Case="Dative"|Unicode="σαρκί·"|FormalTag="N-DSF"|nodeId="630010070150010"|Gloss="flesh"|LexDomain="009001"|LN="9.12"
63001007016|οὗτός|84001007019|S|id="n63001007016"|ref="2JN 1:7!16"|Cat="pron"|Start="0"|End="0"|StrongNumber="3778"|UnicodeLemma="οὗτος"|Gender="Masculine"|Number="Singular"|FunctionalTag="D-NSM"|Type="Demonstrative"|morphId="63001007016"|NormalizedForm="οὗτος"|Case="Nominative"|Unicode="οὗτός"|FormalTag="D-NSM"|nodeId="630010070160010"|Gloss="This"|Ref="n63001007003"
63001007017|ἐστιν|84001007019|VC|id="n63001007017"|ref="2JN 1:7!17"|Cat="verb"|Start="1"|End="1"|StrongNumber="1510"|UnicodeLemma="εἰμί"|Person="Third"|Mood="Indicative"|Tense="Present"|Number="Singular"|FunctionalTag="V-PAI-3S"|Type=""|morphId="63001007017"|NormalizedForm="ἐστιν"|Unicode="ἐστιν"|FormalTag="V-PAI-3S"|Voice="Active"|nodeId="630010070170010"|Gloss="is"
63001007018|ὁ|84001007019|det|id="n63001007018"|ref="2JN 1:7!18"|Cat="det"|Start="2"|End="2"|StrongNumber="3588"|UnicodeLemma="ὁ"|Gender="Masculine"|Number="Singular"|FunctionalTag="T-NSM"|Type=""|morphId="63001007018"|NormalizedForm="ὁ"|Case="Nominative"|Unicode="ὁ"|FormalTag="T-NSM"|nodeId="630010070180010"|Gloss="the"|LexDomain="092004"|LN="92.24"
63001007019|πλάνος|84001007019|CL|id="n63001007019"|ref="2JN 1:7!19"|Cat="adj"|Start="3"|End="3"|StrongNumber="4108"|UnicodeLemma="πλάνος"|Gender="Masculine"|Number="Singular"|FunctionalTag="A-NSM"|Type=""|morphId="63001007019"|NormalizedForm="πλάνος"|Case="Nominative"|Unicode="πλάνος"|FormalTag="A-NSM"|nodeId="630010070190010"|Gloss="deceiver"|LexDomain="031002"|LN="31.9"
63001007020|καὶ|84001007019|conj|id="n63001007020"|ref="2JN 1:7!20"|Cat="conj"|Start="4"|End="4"|StrongNumber="2532"|UnicodeLemma="καί"|FunctionalTag="CONJ"|Type=""|morphId="63001007020"|NormalizedForm="καί"|Unicode="καὶ"|FormalTag="CONJ"|nodeId="630010070200010"|Gloss="and"|LexDomain="089017"|LN="89.92"
63001007021|ὁ|84001007022|det|id="n63001007021"|ref="2JN 1:7!21"|Cat="det"|Start="5"|End="5"|StrongNumber="3588"|UnicodeLemma="ὁ"|Gender="Masculine"|Number="Singular"|FunctionalTag="T-NSM"|Type=""|morphId="63001007021"|NormalizedForm="ὁ"|Case="Nominative"|Unicode="ὁ"|FormalTag="T-NSM"|nodeId="630010070210010"|Gloss="the"|LexDomain="092004"|LN="92.24"
63001007022|ἀντίχριστος.|84001007019|np|id="n63001007022"|ref="2JN 1:7!22"|Cat="noun"|Start="6"|End="6"|StrongNumber="500"|UnicodeLemma="ἀντίχριστος"|Gender="Masculine"|Number="Singular"|FunctionalTag="N-NSM"|Type="Common"|morphId="63001007022"|NormalizedForm="ἀντίχριστος"|Case="Nominative"|Unicode="ἀντίχριστος."|FormalTag="N-NSM"|nodeId="630010070220010"|Gloss="antichrist"|LexDomain="053009"|LN="53.83"
63001008001|βλέπετε|84001008001|CL|id="n63001008001"|ref="2JN 1:8!1"|Cat="verb"|Start="0"|End="0"|StrongNumber="991"|UnicodeLemma="βλέπω"|Person="Second"|Mood="Imperative"|Tense="Present"|Number="Plural"|FunctionalTag="V-PAM-2P"|Type=""|morphId="63001008001"|NormalizedForm="βλέπετε"|Unicode="βλέπετε"|FormalTag="V-PAM-2P"|Voice="Active"|nodeId="630010080010010"|Gloss="Watch"|SubjRef="n63001005005 n63001001007"|Frame="A0:n63001005005;n63001001007 A1:n63001008002"|LexDomain="027006"|LN="27.58"
63001008002|ἑαυτούς,|84001008001|O|id="n63001008002"|ref="2JN 1:8!2"|Cat="pron"|Start="1"|End="1"|StrongNumber="1438"|UnicodeLemma="ἑαυτοῦ"|Gender="Masculine"|Number="Plural"|FunctionalTag="F-2APM"|Type="Personal"|morphId="63001008002"|NormalizedForm="ἑαυτούς"|Case="Accusative"|Unicode="ἑαυτούς,"|FormalTag="F-2APM"|nodeId="630010080020010"|Gloss="yourselves"|Ref="n63001005005 n63001001007"
63001008003|ἵνα|84001008011|conj|id="n63001008003"|ref="2JN 1:8!3"|Cat="conj"|Start="2"|End="2"|StrongNumber="2443"|UnicodeLemma="ἵνα"|FunctionalTag="CONJ"|Type=""|morphId="63001008003"|NormalizedForm="ἵνα"|Unicode="ἵνα"|FormalTag="CONJ"|nodeId="630010080030010"|Gloss="so that"|LexDomain="089008"|LN="89.49"
63001008004|μὴ|84001008011|advp|id="n63001008004"|ref="2JN 1:8!4"|Cat="adv"|Start="3"|End="3"|StrongNumber="3361"|UnicodeLemma="μή"|FunctionalTag="PRT-N"|Type=""|morphId="63001008004"|NormalizedForm="μή"|Unicode="μὴ"|FormalTag="PRT-N"|nodeId="630010080040010"|Gloss="not"
63001008005|ἀπολέσητε|84001008011|CL|id="n63001008005"|ref="2JN 1:8!5"|Cat="verb"|Start="4"|End="4"|StrongNumber="622"|UnicodeLemma="ἀπόλλυμι"|Person="Second"|Mood="Subjunctive"|Tense="Aorist"|Number="Plural"|FunctionalTag="V-AAS-2P"|Type=""|morphId="63001008005"|NormalizedForm="ἀπολέσητε"|Unicode="ἀπολέσητε"|FormalTag="V-AAS-2P"|Voice="Active"|nodeId="630010080050010"|Gloss="you should lose"|SubjRef="n63001005005 n63001001007"|Frame="A0:n63001005005;n63001001007 A1:n63001008007"|LexDomain="057007"|LN="57.68"
63001008006|ἃ|84001008007|O|id="n63001008006"|ref="2JN 1:8!6"|Cat="pron"|Start="5"|End="5"|StrongNumber="3739"|UnicodeLemma="ὅς"|Gender="Neuter"|Number="Plural"|FunctionalTag="R-APN"|Type="Relative"|morphId="63001008006"|NormalizedForm="ἅ"|Case="Accusative"|Unicode="ἃ"|FormalTag="R-APN"|nodeId="630010080060010"|Gloss="what things"
63001008007|ἠργασάμεθα,|84001008005|O|id="n63001008007"|ref="2JN 1:8!7"|Cat="verb"|Start="6"|End="6"|StrongNumber="2038"|UnicodeLemma="ἐργάζομαι"|Person="First"|Mood="Indicative"|Tense="Aorist"|Number="Plural"|FunctionalTag="V-ADI-1P"|Type=""|morphId="63001008007"|NormalizedForm="ἠργασάμεθα"|Unicode="ἠργασάμεθα,"|FormalTag="V-ADI-1P"|Voice="Middle"|nodeId="630010080070010"|Gloss="we have worked for"|SubjRef="n63001001002 n63001005005 n63001001007 n63001001022"|Frame="A0:n63001001002;n63001005005;n63001001007;n63001001022 A1:n63001008006"|LexDomain="042004"|LN="42.41"
63001008008|ἀλλὰ|84001008011|conj|id="n63001008008"|ref="2JN 1:8!8"|Cat="conj"|Start="7"|End="7"|StrongNumber="235"|UnicodeLemma="ἀλλά"|FunctionalTag="CONJ"|Type=""|morphId="63001008008"|NormalizedForm="ἀλλά"|Unicode="ἀλλὰ"|FormalTag="CONJ"|nodeId="630010080080010"|Gloss="but"|LexDomain="089023"|LN="89.125"
63001008009|μισθὸν|84001008011|O|id="n63001008009"|ref="2JN 1:8!9"|Cat="noun"|Start="8"|End="8"|StrongNumber="3408"|UnicodeLemma="μισθός"|Gender="Masculine"|Number="Singular"|FunctionalTag="N-ASM"|Type="Common"|morphId="63001008009"|NormalizedForm="μισθόν"|Case="Accusative"|Unicode="μισθὸν"|FormalTag="N-ASM"|nodeId="630010080090010"|Gloss="a reward"|LexDomain="038002"|LN="38.14"
63001008010|πλήρη|84001008009|adjp|id="n63001008010"|ref="2JN 1:8!10"|Cat="adj"|Start="9"|End="9"|StrongNumber="4134"|UnicodeLemma="πλήρης"|Gender="Masculine"|Number="Singular"|FunctionalTag="A-ASM"|Type=""|morphId="63001008010"|NormalizedForm="πλήρη"|Case="Accusative"|Unicode="πλήρη"|FormalTag="A-ASM"|nodeId="630010080100010"|Gloss="full"|LexDomain="059003"|LN="59.31"
63001008011|ἀπολάβητε.|84001008001|CL|id="n63001008011"|ref="2JN 1:8!11"|Cat="verb"|Start="10"|End="10"|StrongNumber="618"|UnicodeLemma="ἀπολαμβάνω"|Person="Second"|Mood="Subjunctive"|Tense="Aorist"|Number="Plural"|FunctionalTag="V-2AAS-2P"|Type=""|morphId="63001008011"|NormalizedForm="ἀπολάβητε"|Unicode="ἀπολάβητε."|FormalTag="V-2AAS-2P"|Voice="Active"|nodeId="630010080110010"|Gloss="you may receive"|SubjRef="n63001005005 n63001001007"|Frame="A0:n63001005005;n63001001007 A1:n63001008009"|LexDomain="057009"|LN="57.128"
63001009001|πᾶς|84001009003|adjp|id="n63001009001"|ref="2JN 1:9!1"|Cat="adj"|Start="0"|End="0"|StrongNumber="3956"|UnicodeLemma="πᾶς"|Gender="Masculine"|Number="Singular"|FunctionalTag="A-NSM"|Type=""|morphId="63001009001"|NormalizedForm="πᾶς"|Case="Nominative"|Unicode="πᾶς"|FormalTag="A-NSM"|nodeId="630010090010010"|Gloss="Anyone"|LexDomain="059003"|LN="59.24"
63001009002|ὁ|84001009003|det|id="n63001009002"|ref="2JN 1:9!2"|Cat="det"|Start="1"|End="1"|StrongNumber="3588"|UnicodeLemma="ὁ"|Gender="Masculine"|Number="Singular"|FunctionalTag="T-NSM"|Type=""|morphId="63001009002"|NormalizedForm="ὁ"|Case="Nominative"|Unicode="ὁ"|FormalTag="T-NSM"|nodeId="630010090020010"|Gloss="-"|LexDomain="092004"|LN="92.24"
63001009003|προάγων|84001009014|S|id="n63001009003"|ref="2JN 1:9!3"|Cat="verb"|Start="2"|End="2"|StrongNumber="4254"|UnicodeLemma="προάγω"|Gender="Masculine"|Mood="Participle"|Tense="Present"|Number="Singular"|FunctionalTag="V-PAP-NSM"|Type=""|morphId="63001009003"|NormalizedForm="προάγων"|Case="Nominative"|Unicode="προάγων"|FormalTag="V-PAP-NSM"|Voice="Active"|nodeId="630010090030010"|Gloss="going on ahead"|Frame="A0:n00000000000"|LexDomain="036003"|LN="36.25"
63001009004|καὶ|84001009003|conj|id="n63001009004"|ref="2JN 1:9!4"|Cat="conj"|Start="3"|End="3"|StrongNumber="2532"|UnicodeLemma="καί"|FunctionalTag="CONJ"|Type=""|morphId="63001009004"|NormalizedForm="καί"|Unicode="καὶ"|FormalTag="CONJ"|nodeId="630010090040010"|Gloss="and"
63001009005|μὴ|84001009006|ADV|id="n63001009005"|ref="2JN 1:9!5"|Cat="adv"|Start="4"|End="4"|StrongNumber="3361"|UnicodeLemma="μή"|FunctionalTag="PRT-N"|Type=""|morphId="63001009005"|NormalizedForm="μή"|Unicode="μὴ"|FormalTag="PRT-N"|nodeId="630010090050010"|Gloss="not"
63001009006|μένων|84001009003|CL|id="n63001009006"|ref="2JN 1:9!6"|Cat="verb"|Start="5"|End="5"|StrongNumber="3306"|UnicodeLemma="μένω"|Gender="Masculine"|Mood="Participle"|Tense="Present"|Number="Singular"|FunctionalTag="V-PAP-NSM"|Type=""|morphId="63001009006"|NormalizedForm="μένων"|Case="Nominative"|Unicode="μένων"|FormalTag="V-PAP-NSM"|Voice="Active"|nodeId="630010090060010"|Gloss="abiding"|Frame="A0:n00000000000"|LexDomain="068002"|LN="68.11"
63001009007|ἐν|84001009009|prep|id="n63001009007"|ref="2JN 1:9!7"|Cat="prep"|Start="6"|End="6"|StrongNumber="1722"|UnicodeLemma="ἐν"|FunctionalTag="PREP"|Type=""|morphId="63001009007"|NormalizedForm="ἐν"|Unicode="ἐν"|FormalTag="PREP"|nodeId="630010090070010"|Gloss="in"
63001009008|τῇ|84001009009|det|id="n63001009008"|ref="2JN 1:9!8"|Cat="det"|Start="7"|End="7"|StrongNumber="3588"|UnicodeLemma="ὁ"|Gender="Feminine"|Number="Singular"|FunctionalTag="T-DSF"|Type=""|morphId="63001009008"|NormalizedForm="τῇ"|Case="Dative"|Unicode="τῇ"|FormalTag="T-DSF"|nodeId="630010090080010"|Gloss="the"|LexDomain="092004"|LN="92.24"
63001009009|διδαχῇ|84001009006|ADV|id="n63001009009"|ref="2JN 1:9!9"|Cat="noun"|Start="8"|End="8"|StrongNumber="1322"|UnicodeLemma="διδαχή"|Gender="Feminine"|Number="Singular"|FunctionalTag="N-DSF"|Type="Common"|morphId="63001009009"|NormalizedForm="διδαχῇ"|Case="Dative"|Unicode="διδαχῇ"|FormalTag="N-DSF"|nodeId="630010090090010"|Gloss="teaching"|LexDomain="033017"|LN="33.236"
63001009010|τοῦ|84001009011|det|id="n63001009010"|ref="2JN 1:9!10"|Cat="det"|Start="9"|End="9"|StrongNumber="3588"|UnicodeLemma="ὁ"|Gender="Masculine"|Number="Singular"|FunctionalTag="T-GSM"|Type=""|morphId="63001009010"|NormalizedForm="τοῦ"|Case="Genitive"|Unicode="τοῦ"|FormalTag="T-GSM"|nodeId="630010090100010"|Gloss="-"|LexDomain="092004"|LN="92.24"
63001009011|Χριστοῦ|84001009009|np|id="n63001009011"|ref="2JN 1:9!11"|Cat="noun"|Start="10"|End="10"|StrongNumber="5547"|UnicodeLemma="Χριστός"|Gender="Masculine"|Number="Singular"|FunctionalTag="N-GSM"|Type="Proper"|morphId="63001009011"|NormalizedForm="Χριστοῦ"|Case="Genitive"|Unicode="Χριστοῦ"|FormalTag="N-GSM"|nodeId="630010090110010"|Gloss="of Christ"|LexDomain="093001"|LN="93.387"
63001009012|Θεὸν|84001009014|O|id="n63001009012"|ref="2JN 1:9!12"|Cat="noun"|Start="11"|End="11"|StrongNumber="2316"|UnicodeLemma="θεός"|Gender="Masculine"|Number="Singular"|FunctionalTag="N-ASM"|Type="Common"|morphId="63001009012"|NormalizedForm="Θεόν"|Case="Accusative"|Unicode="Θεὸν"|FormalTag="N-ASM"|nodeId="630010090120010"|Gloss="God"|LexDomain="012001"|LN="12.1"
63001009013|οὐκ|84001009014|ADV|id="n63001009013"|ref="2JN 1:9!13"|Cat="adv"|Start="12"|End="12"|StrongNumber="3756"|UnicodeLemma="οὐ"|FunctionalTag="PRT-N"|Type=""|morphId="63001009013"|NormalizedForm="οὐκ"|Unicode="οὐκ"|FormalTag="PRT-N"|nodeId="630010090130010"|Gloss="not"
63001009014|ἔχει·|84001009014|CL|id="n63001009014"|ref="2JN 1:9!14"|Cat="verb"|Start="13"|End="13"|StrongNumber="2192"|UnicodeLemma="ἔχω"|Person="Third"|Mood="Indicative"|Tense="Present"|Number="Singular"|FunctionalTag="V-PAI-3S"|Type=""|morphId="63001009014"|NormalizedForm="ἔχει"|Unicode="ἔχει·"|FormalTag="V-PAI-3S"|Voice="Active"|nodeId="630010090140010"|Gloss="has"|Frame="A0:n63001009003;n63001009006 A1:n63001009012"|LexDomain="090013"|LN="90.65"
63001009015|ὁ|84001009016|det|id="n63001009015"|ref="2JN 1:9!15"|Cat="det"|Start="0"|End="0"|StrongNumber="3588"|UnicodeLemma="ὁ"|Gender="Masculine"|Number="Singular"|FunctionalTag="T-NSM"|Type=""|morphId="63001009015"|NormalizedForm="ὁ"|Case="Nominative"|Unicode="ὁ"|FormalTag="T-NSM"|nodeId="630010090150010"|Gloss="The [one]"|LexDomain="092004"|LN="92.24"
63001009016|μένων|84001009027|CL|id="n63001009016"|ref="2JN 1:9!16"|Cat="verb"|Start="1"|End="1"|StrongNumber="3306"|UnicodeLemma="μένω"|Gender="Masculine"|Mood="Participle"|Tense="Present"|Number="Singular"|FunctionalTag="V-PAP-NSM"|Type=""|morphId="63001009016"|NormalizedForm="μένων"|Case="Nominative"|Unicode="μένων"|FormalTag="V-PAP-NSM"|Voice="Active"|nodeId="630010090160010"|Gloss="abiding"|Frame="A0:n00000000000"|LexDomain="068002"|LN="68.11"
63001009017|ἐν|84001009019|prep|id="n63001009017"|ref="2JN 1:9!17"|Cat="prep"|Start="2"|End="2"|StrongNumber="1722"|UnicodeLemma="ἐν"|FunctionalTag="PREP"|Type=""|morphId="63001009017"|NormalizedForm="ἐν"|Unicode="ἐν"|FormalTag="PREP"|nodeId="630010090170010"|Gloss="in"
63001009018|τῇ|84001009019|det|id="n63001009018"|ref="2JN 1:9!18"|Cat="det"|Start="3"|End="3"|StrongNumber="3588"|UnicodeLemma="ὁ"|Gender="Feminine"|Number="Singular"|FunctionalTag="T-DSF"|Type=""|morphId="63001009018"|NormalizedForm="τῇ"|Case="Dative"|Unicode="τῇ"|FormalTag="T-DSF"|nodeId="630010090180010"|Gloss="the"|LexDomain="092004"|LN="92.24"
63001009019|διδαχῇ,|84001009016|ADV|id="n63001009019"|ref="2JN 1:9!19"|Cat="noun"|Start="4"|End="4"|StrongNumber="1322"|UnicodeLemma="διδαχή"|Gender="Feminine"|Number="Singular"|FunctionalTag="N-DSF"|Type="Common"|morphId="63001009019"|NormalizedForm="διδαχῇ"|Case="Dative"|Unicode="διδαχῇ,"|FormalTag="N-DSF"|nodeId="630010090190010"|Gloss="teaching"|LexDomain="033017"|LN="33.236"
63001009020|οὗτος|84001009027|S|id="n63001009020"|ref="2JN 1:9!20"|Cat="pron"|Start="5"|End="5"|StrongNumber="3778"|UnicodeLemma="οὗτος"|Gender="Masculine"|Number="Singular"|FunctionalTag="D-NSM"|Type="Demonstrative"|morphId="63001009020"|NormalizedForm="οὗτος"|Case="Nominative"|Unicode="οὗτος"|FormalTag="D-NSM"|nodeId="630010090200010"|Gloss="this [one]"|Ref="n63001009016"
63001009021|καὶ|84001009023|conj|id="n63001009021"|ref="2JN 1:9!21"|Cat="conj"|Start="6"|End="6"|StrongNumber="2532"|UnicodeLemma="καί"|FunctionalTag="CONJ"|Type=""|morphId="63001009021"|NormalizedForm="καί"|Unicode="καὶ"|FormalTag="CONJ"|nodeId="630010090210010"|Gloss="both"|LexDomain="089017"|LN="89.92"
63001009022|τὸν|84001009023|det|id="n63001009022"|ref="2JN 1:9!22"|Cat="det"|Start="7"|End="7"|StrongNumber="3588"|UnicodeLemma="ὁ"|Gender="Masculine"|Number="Singular"|FunctionalTag="T-ASM"|Type=""|morphId="63001009022"|NormalizedForm="τόν"|Case="Accusative"|Unicode="τὸν"|FormalTag="T-ASM"|nodeId="630010090220010"|Gloss="the"|LexDomain="092004"|LN="92.24"
63001009023|Πατέρα|84001009027|O|id="n63001009023"|ref="2JN 1:9!23"|Cat="noun"|Start="8"|End="8"|StrongNumber="3962"|UnicodeLemma="πατήρ"|Gender="Masculine"|Number="Singular"|FunctionalTag="N-ASM"|Type="Common"|morphId="63001009023"|NormalizedForm="Πατέρα"|Case="Accusative"|Unicode="Πατέρα"|FormalTag="N-ASM"|nodeId="630010090230010"|Gloss="Father"|LexDomain="012001"|LN="12.12"
63001009024|καὶ|84001009023|conj|id="n63001009024"|ref="2JN 1:9!24"|Cat="conj"|Start="9"|End="9"|StrongNumber="2532"|UnicodeLemma="καί"|FunctionalTag="CONJ"|Type=""|morphId="63001009024"|NormalizedForm="καί"|Unicode="καὶ"|FormalTag="CONJ"|nodeId="630010090240010"|Gloss="and"
63001009025|τὸν|84001009026|det|id="n63001009025"|ref="2JN 1:9!25"|Cat="det"|Start="10"|End="10"|StrongNumber="3588"|UnicodeLemma="ὁ"|Gender="Masculine"|Number="Singular"|FunctionalTag="T-ASM"|Type=""|morphId="63001009025"|NormalizedForm="τόν"|Case="Accusative"|Unicode="τὸν"|FormalTag="T-ASM"|nodeId="630010090250010"|Gloss="the"|LexDomain="092004"|LN="92.24"
63001009026|Υἱὸν|84001009023|np|id="n63001009026"|ref="2JN 1:9!26"|Cat="noun"|Start="11"|End="11"|StrongNumber="5207"|UnicodeLemma="υἱός"|Gender="Masculine"|Number="Singular"|FunctionalTag="N-ASM"|Type="Common"|morphId="63001009026"|NormalizedForm="Υἱόν"|Case="Accusative"|Unicode="Υἱὸν"|FormalTag="N-ASM"|nodeId="630010090260010"|Gloss="Son"|LexDomain="012001"|LN="12.15"
63001009027|ἔχει.|84001009027|CL|id="n63001009027"|ref="2JN 1:9!27"|Cat="verb"|Start="12"|End="12"|StrongNumber="2192"|UnicodeLemma="ἔχω"|Person="Third"|Mood="Indicative"|Tense="Present"|Number="Singular"|FunctionalTag="V-PAI-3S"|Type=""|morphId="63001009027"|NormalizedForm="ἔχει"|Unicode="ἔχει."|FormalTag="V-PAI-3S"|Voice="Active"|nodeId="630010090270010"|Gloss="has"|Frame="A0:n63001009020 A1:n63001009023;n63001009026"
63001010001|εἴ|84001010003|conj|id="n63001010001"|ref="2JN 1:10!1"|Cat="conj"|Start="0"|End="0"|StrongNumber="1487"|UnicodeLemma="εἰ"|FunctionalTag="COND"|Type=""|morphId="63001010001"|NormalizedForm="εἴ"|Unicode="εἴ"|FormalTag="COND"|nodeId="630010100010010"|Gloss="If"|LexDomain="089010"|LN="89.65"
63001010002|τις|84001010003|S|id="n63001010002"|ref="2JN 1:10!2"|Cat="pron"|Start="1"|End="1"|StrongNumber="5100"|UnicodeLemma="τὶς"|Gender="Masculine"|Number="Singular"|FunctionalTag="X-NSM"|Type="Indefinite"|morphId="63001010002"|NormalizedForm="τις"|Case="Nominative"|Unicode="τις"|FormalTag="X-NSM"|nodeId="630010100020010"|Gloss="anyone"
63001010003|ἔρχεται|84001010013|CL|id="n63001010003"|ref="2JN 1:10!3"|Cat="verb"|Start="2"|End="2"|StrongNumber="2064"|UnicodeLemma="ἔρχομαι"|Person="Third"|Mood="Indicative"|Tense="Present"|Number="Singular"|FunctionalTag="V-PNI-3S"|Type=""|morphId="63001010003"|NormalizedForm="ἔρχεται"|Unicode="ἔρχεται"|FormalTag="V-PNI-3S"|Voice="MiddlePassive"|nodeId="630010100030010"|Gloss="comes"|Frame="A0:n63001010002"|LexDomain="015001"|LN="15.7"
63001010004|πρὸς|84001010005|prep|id="n63001010004"|ref="2JN 1:10!4"|Cat="prep"|Start="3"|End="3"|StrongNumber="4314"|UnicodeLemma="πρός"|FunctionalTag="PREP"|Type=""|morphId="63001010004"|NormalizedForm="πρός"|Unicode="πρὸς"|FormalTag="PREP"|nodeId="630010100040010"|Gloss="to"|LexDomain="084002"|LN="84.18"
63001010005|ὑμᾶς|84001010003|ADV|id="n63001010005"|ref="2JN 1:10!5"|Cat="pron"|Start="4"|End="4"|StrongNumber="4771"|UnicodeLemma="σύ"|Number="Plural"|FunctionalTag="P-2AP"|Type="Personal"|morphId="63001010005"|NormalizedForm="ὑμᾶς"|Case="Accusative"|Unicode="ὑμᾶς"|FormalTag="P-2AP"|nodeId="630010100050010"|Gloss="you"|Ref="n63001005005 n63001001007"
63001010006|καὶ|84001010003|conj|id="n63001010006"|ref="2JN 1:10!6"|Cat="conj"|Start="5"|End="5"|StrongNumber="2532"|UnicodeLemma="καί"|FunctionalTag="CONJ"|Type=""|morphId="63001010006"|NormalizedForm="καί"|Unicode="καὶ"|FormalTag="CONJ"|nodeId="630010100060010"|Gloss="and"
63001010007|ταύτην|84001010009|np|id="n63001010007"|ref="2JN 1:10!7"|Cat="pron"|Start="6"|End="6"|StrongNumber="3778"|UnicodeLemma="οὗτος"|Gender="Feminine"|Number="Singular"|FunctionalTag="D-ASF"|Type="Demonstrative"|morphId="63001010007"|NormalizedForm="ταύτην"|Case="Accusative"|Unicode="ταύτην"|FormalTag="D-ASF"|nodeId="630010100070010"|Gloss="this"
63001010008|τὴν|84001010009|det|id="n63001010008"|ref="2JN 1:10!8"|Cat="det"|Start="7"|End="7"|StrongNumber="3588"|UnicodeLemma="ὁ"|Gender="Feminine"|Number="Singular"|FunctionalTag="T-ASF"|Type=""|morphId="63001010008"|NormalizedForm="τήν"|Case="Accusative"|Unicode="τὴν"|FormalTag="T-ASF"|nodeId="630010100080010"|Gloss="-"|LexDomain="092004"|LN="92.24"
63001010009|διδαχὴν|84001010011|O|id="n63001010009"|ref="2JN 1:10!9"|Cat="noun"|Start="8"|End="8"|StrongNumber="1322"|UnicodeLemma="διδαχή"|Gender="Feminine"|Number="Singular"|FunctionalTag="N-ASF"|Type="Common"|morphId="63001010009"|NormalizedForm="διδαχήν"|Case="Accusative"|Unicode="διδαχὴν"|FormalTag="N-ASF"|nodeId="630010100090010"|Gloss="teaching"|LexDomain="033017"|LN="33.236"
63001010010|οὐ|84001010011|ADV|id="n63001010010"|ref="2JN 1:10!10"|Cat="adv"|Start="9"|End="9"|StrongNumber="3756"|UnicodeLemma="οὐ"|FunctionalTag="PRT-N"|Type=""|morphId="63001010010"|NormalizedForm="οὐ"|Unicode="οὐ"|FormalTag="PRT-N"|nodeId="630010100100010"|Gloss="not"
63001010011|φέρει,|84001010003|CL|id="n63001010011"|ref="2JN 1:10!11"|Cat="verb"|Start="10"|End="10"|StrongNumber="5342"|UnicodeLemma="φέρω"|Person="Third"|Mood="Indicative"|Tense="Present"|Number="Singular"|FunctionalTag="V-PAI-3S"|Type=""|morphId="63001010011"|NormalizedForm="φέρει"|Unicode="φέρει,"|FormalTag="V-PAI-3S"|Voice="Active"|nodeId="630010100110010"|Gloss="does bring"|SubjRef="n63001010002"|Frame="A0:n63001010002 A1:n63001010009"|LexDomain="015023"|LN="15.166"
63001010012|μὴ|84001010013|ADV|id="n63001010012"|ref="2JN 1:10!12"|Cat="adv"|Start="11"|End="11"|StrongNumber="3361"|UnicodeLemma="μή"|FunctionalTag="PRT-N"|Type=""|morphId="63001010012"|NormalizedForm="μή"|Unicode="μὴ"|FormalTag="PRT-N"|nodeId="630010100120010"|Gloss="not"
63001010013|λαμβάνετε|84001010013|CL|id="n63001010013"|ref="2JN 1:10!13"|Cat="verb"|Start="12"|End="12"|StrongNumber="2983"|UnicodeLemma="λαμβάνω"|Person="Second"|Mood="Imperative"|Tense="Present"|Number="Plural"|FunctionalTag="V-PAM-2P"|Type=""|morphId="63001010013"|NormalizedForm="λαμβάνετε"|Unicode="λαμβάνετε"|FormalTag="V-PAM-2P"|Voice="Active"|nodeId="630010100130010"|Gloss="receive"|SubjRef="n63001005005 n63001001007"|Frame="A0:n63001005005;n63001001007 A1:n63001010014"|LexDomain="057009"|LN="57.125"
63001010014|αὐτὸν|84001010013|O|id="n63001010014"|ref="2JN 1:10!14"|Cat="pron"|Start="13"|End="13"|StrongNumber="846"|UnicodeLemma="αὐτός"|Gender="Masculine"|Number="Singular"|FunctionalTag="P-ASM"|Type="Personal"|morphId="63001010014"|NormalizedForm="αὐτόν"|Case="Accusative"|Unicode="αὐτὸν"|FormalTag="P-ASM"|nodeId="630010100140010"|Gloss="him"|Ref="n63001010002"
63001010015|εἰς|84001010016|prep|id="n63001010015"|ref="2JN 1:10!15"|Cat="prep"|Start="14"|End="14"|StrongNumber="1519"|UnicodeLemma="εἰς"|FunctionalTag="PREP"|Type=""|morphId="63001010015"|NormalizedForm="εἰς"|Unicode="εἰς"|FormalTag="PREP"|nodeId="630010100150010"|Gloss="into"
63001010016|οἰκίαν,|84001010013|ADV|id="n63001010016"|ref="2JN 1:10!16"|Cat="noun"|Start="15"|End="15"|StrongNumber="3614"|UnicodeLemma="οἰκία"|Gender="Feminine"|Number="Singular"|FunctionalTag="N-ASF"|Type="Common"|morphId="63001010016"|NormalizedForm="οἰκίαν"|Case="Accusative"|Unicode="οἰκίαν,"|FormalTag="N-ASF"|nodeId="630010100160010"|Gloss="[the] house"|LexDomain="007002"|LN="7.3"
63001010017|καὶ|84001010013|conj|id="n63001010017"|ref="2JN 1:10!17"|Cat="conj"|Start="16"|End="16"|StrongNumber="2532"|UnicodeLemma="καί"|FunctionalTag="CONJ"|Type=""|morphId="63001010017"|NormalizedForm="καί"|Unicode="καὶ"|FormalTag="CONJ"|nodeId="630010100170010"|Gloss="and"
63001010018|χαίρειν|84001010021|O|id="n63001010018"|ref="2JN 1:10!18"|Cat="verb"|Start="17"|End="17"|StrongNumber="5463"|UnicodeLemma="χαίρω"|Mood="Infinitive"|Tense="Present"|FunctionalTag="V-PAN"|Type=""|morphId="63001010018"|NormalizedForm="χαίρειν"|Unicode="χαίρειν"|FormalTag="V-PAN"|Voice="Active"|nodeId="630010100180010"|Gloss="to rejoice"|SubjRef="n63001005005 n63001001007"|Frame="A0:n63001005005;n63001001007"|LexDomain="033003"|LN="33.22"
63001010019|αὐτῷ|84001010021|IO|id="n63001010019"|ref="2JN 1:10!19"|Cat="pron"|Start="18"|End="18"|StrongNumber="846"|UnicodeLemma="αὐτός"|Gender="Masculine"|Number="Singular"|FunctionalTag="P-DSM"|Type="Personal"|morphId="63001010019"|NormalizedForm="αὐτῷ"|Case="Dative"|Unicode="αὐτῷ"|FormalTag="P-DSM"|nodeId="630010100190010"|Gloss="him"|Ref="n63001010002"
63001010020|μὴ|84001010021|ADV|id="n63001010020"|ref="2JN 1:10!20"|Cat="adv"|Start="19"|End="19"|StrongNumber="3361"|UnicodeLemma="μή"|FunctionalTag="PRT-N"|Type=""|morphId="63001010020"|NormalizedForm="μή"|Unicode="μὴ"|FormalTag="PRT-N"|nodeId="630010100200010"|Gloss="not"
63001010021|λέγετε·|84001010013|CL|id="n63001010021"|ref="2JN 1:10!21"|Cat="verb"|Start="20"|End="20"|StrongNumber="3004"|UnicodeLemma="λέγω"|Person="Second"|Mood="Imperative"|Tense="Present"|Number="Plural"|FunctionalTag="V-PAM-2P"|Type=""|morphId="63001010021"|NormalizedForm="λέγετε"|Unicode="λέγετε·"|FormalTag="V-PAM-2P"|Voice="Active"|nodeId="630010100210010"|Gloss="tell"|SubjRef="n63001005005 n63001001007"|Frame="A0:n63001005005;n63001001007 A1:n63001010018 A2:n63001010019"|LexDomain="033006"|LN="33.69"
63001011003|γὰρ|84001011006|conj|id="n63001011003"|ref="2JN 1:11!3"|Cat="conj"|Start="0"|End="0"|StrongNumber="1063"|UnicodeLemma="γάρ"|FunctionalTag="CONJ"|Type=""|morphId="63001011003"|NormalizedForm="γάρ"|Unicode="γὰρ"|FormalTag="CONJ"|nodeId="630010110030010"|Gloss="for"|LexDomain="089007"|LN="89.23"
63001011001|ὁ|84001011002|det|id="n63001011001"|ref="2JN 1:11!1"|Cat="det"|Start="1"|End="1"|StrongNumber="3588"|UnicodeLemma="ὁ"|Gender="Masculine"|Number="Singular"|FunctionalTag="T-NSM"|Type=""|morphId="63001011001"|NormalizedForm="ὁ"|Case="Nominative"|Unicode="ὁ"|FormalTag="T-NSM"|nodeId="630010110010010"|Gloss="the [one]"|LexDomain="092004"|LN="92.24"
63001011002|λέγων|84001011006|S|id="n63001011002"|ref="2JN 1:11!2"|Cat="verb"|Start="2"|End="2"|StrongNumber="3004"|UnicodeLemma="λέγω"|Gender="Masculine"|Mood="Participle"|Tense="Present"|Number="Singular"|FunctionalTag="V-PAP-NSM"|Type=""|morphId="63001011002"|NormalizedForm="λέγων"|Case="Nominative"|Unicode="λέγων"|FormalTag="V-PAP-NSM"|Voice="Active"|nodeId="630010110020010"|Gloss="telling"|Frame="A0:n00000000000 A2:n63001011004 A1:n63001011005"|LexDomain="033006"|LN="33.69"
63001011004|αὐτῷ|84001011002|IO|id="n63001011004"|ref="2JN 1:11!4"|Cat="pron"|Start="3"|End="3"|StrongNumber="846"|UnicodeLemma="αὐτός"|Gender="Masculine"|Number="Singular"|FunctionalTag="P-DSM"|Type="Personal"|morphId="63001011004"|NormalizedForm="αὐτῷ"|Case="Dative"|Unicode="αὐτῷ"|FormalTag="P-DSM"|nodeId="630010110040010"|Gloss="him"|Ref="n63001010002"
63001011005|χαίρειν|84001011002|O|id="n63001011005"|ref="2JN 1:11!5"|Cat="verb"|Start="4"|End="4"|StrongNumber="5463"|UnicodeLemma="χαίρω"|Mood="Infinitive"|Tense="Present"|FunctionalTag="V-PAN"|Type=""|morphId="63001011005"|NormalizedForm="χαίρειν"|Unicode="χαίρειν"|FormalTag="V-PAN"|Voice="Active"|nodeId="630010110050010"|Gloss="to rejoice"|SubjRef="n63001011002"|Frame="A0:n63001011002"|LexDomain="033003"|LN="33.22"
63001011006|κοινωνεῖ|84001011006|CL|id="n63001011006"|ref="2JN 1:11!6"|Cat="verb"|Start="5"|End="5"|StrongNumber="2841"|UnicodeLemma="κοινωνέω"|Person="Third"|Mood="Indicative"|Tense="Present"|Number="Singular"|FunctionalTag="V-PAI-3S"|Type=""|morphId="63001011006"|NormalizedForm="κοινωνεῖ"|Unicode="κοινωνεῖ"|FormalTag="V-PAI-3S"|Voice="Active"|nodeId="630010110060010"|Gloss="partakes"|Frame="A0:n63001011002"|LexDomain="057008"|LN="57.98"
63001011007|τοῖς|84001011008|det|id="n63001011007"|ref="2JN 1:11!7"|Cat="det"|Start="6"|End="6"|StrongNumber="3588"|UnicodeLemma="ὁ"|Gender="Neuter"|Number="Plural"|FunctionalTag="T-DPN"|Type=""|morphId="63001011007"|NormalizedForm="τοῖς"|Case="Dative"|Unicode="τοῖς"|FormalTag="T-DPN"|nodeId="630010110070010"|Gloss="in the"|LexDomain="092004"|LN="92.24"
63001011008|ἔργοις|84001011006|ADV|id="n63001011008"|ref="2JN 1:11!8"|Cat="noun"|Start="7"|End="7"|StrongNumber="2041"|UnicodeLemma="ἔργον"|Gender="Neuter"|Number="Plural"|FunctionalTag="N-DPN"|Type="Common"|morphId="63001011008"|NormalizedForm="ἔργοις"|Case="Dative"|Unicode="ἔργοις"|FormalTag="N-DPN"|nodeId="630010110080010"|Gloss="works"|LexDomain="042002"|LN="42.11"
63001011009|αὐτοῦ|84001011008|np|id="n63001011009"|ref="2JN 1:11!9"|Cat="pron"|Start="8"|End="8"|StrongNumber="846"|UnicodeLemma="αὐτός"|Gender="Masculine"|Number="Singular"|FunctionalTag="P-GSM"|Type="Personal"|morphId="63001011009"|NormalizedForm="αὐτοῦ"|Case="Genitive"|Unicode="αὐτοῦ"|FormalTag="P-GSM"|nodeId="630010110090010"|Gloss="of him"|Ref="n63001010002"
63001011010|τοῖς|84001011011|det|id="n63001011010"|ref="2JN 1:11!10"|Cat="det"|Start="9"|End="9"|StrongNumber="3588"|UnicodeLemma="ὁ"|Gender="Neuter"|Number="Plural"|FunctionalTag="T-DPN"|Type=""|morphId="63001011010"|NormalizedForm="τοῖς"|Case="Dative"|Unicode="τοῖς"|FormalTag="T-DPN"|nodeId="630010110100010"|Gloss="-"|LexDomain="092004"|LN="92.24"
63001011011|πονηροῖς.|84001011008|np|id="n63001011011"|ref="2JN 1:11!11"|Cat="adj"|Start="10"|End="10"|StrongNumber="4190"|UnicodeLemma="πονηρός"|Gender="Neuter"|Number="Plural"|FunctionalTag="A-DPN"|Type=""|morphId="63001011011"|NormalizedForm="πονηροῖς"|Case="Dative"|Unicode="πονηροῖς."|FormalTag="A-DPN"|nodeId="630010110110010"|Gloss="evil"|LexDomain="088015"|LN="88.110"
63001012002|ἔχων|84001012006|ADV|id="n63001012002"|ref="2JN 1:12!2"|Cat="verb"|Start="0"|End="0"|StrongNumber="2192"|UnicodeLemma="ἔχω"|Gender="Masculine"|Mood="Participle"|Tense="Present"|Number="Singular"|FunctionalTag="V-PAP-NSM"|Type=""|morphId="63001012002"|NormalizedForm="ἔχων"|Case="Nominative"|Unicode="ἔχων"|FormalTag="V-PAP-NSM"|Voice="Active"|nodeId="630010120020010"|Gloss="having"|SubjRef="n63001001002"|Frame="A0:n63001001002 A1:n63001012004"
63001012001|Πολλὰ|84001012004|O|id="n63001012001"|ref="2JN 1:12!1"|Cat="adj"|Start="1"|End="1"|StrongNumber="4183"|UnicodeLemma="πολύς"|Gender="Neuter"|Number="Plural"|FunctionalTag="A-APN"|Type=""|morphId="63001012001"|NormalizedForm="Πολλά"|Case="Accusative"|Unicode="Πολλὰ"|FormalTag="A-APN"|nodeId="630010120010010"|Gloss="Many things"
63001012003|ὑμῖν|84001012004|IO|id="n63001012003"|ref="2JN 1:12!3"|Cat="pron"|Start="2"|End="2"|StrongNumber="4771"|UnicodeLemma="σύ"|Number="Plural"|FunctionalTag="P-2DP"|Type="Personal"|morphId="63001012003"|NormalizedForm="ὑμῖν"|Case="Dative"|Unicode="ὑμῖν"|FormalTag="P-2DP"|nodeId="630010120030010"|Gloss="to you"|Ref="n63001005005 n63001001007"
63001012004|γράφειν|84001012002|O|id="n63001012004"|ref="2JN 1:12!4"|Cat="verb"|Start="3"|End="3"|StrongNumber="1125"|UnicodeLemma="γράφω"|Mood="Infinitive"|Tense="Present"|FunctionalTag="V-PAN"|Type=""|morphId="63001012004"|NormalizedForm="γράφειν"|Unicode="γράφειν"|FormalTag="V-PAN"|Voice="Active"|nodeId="630010120040010"|Gloss="to write"|SubjRef="n63001001002"|Frame="A0:n63001001002 A1:n63001012001 A2:n63001012003"|LexDomain="033005"|LN="33.61"
63001012005|οὐκ|84001012006|ADV|id="n63001012005"|ref="2JN 1:12!5"|Cat="adv"|Start="4"|End="4"|StrongNumber="3756"|UnicodeLemma="οὐ"|FunctionalTag="PRT-N"|Type=""|morphId="63001012005"|NormalizedForm="οὐκ"|Unicode="οὐκ"|FormalTag="PRT-N"|nodeId="630010120050010"|Gloss="not"
63001012006|ἐβουλήθην|84001012006|CL|id="n63001012006"|ref="2JN 1:12!6"|Cat="verb"|Start="5"|End="5"|StrongNumber="1014"|UnicodeLemma="βούλομαι"|Person="First"|Mood="Indicative"|Tense="Aorist"|Number="Singular"|FunctionalTag="V-AOI-1S"|Type=""|morphId="63001012006"|NormalizedForm="ἐβουλήθην"|Unicode="ἐβουλήθην"|FormalTag="V-AOI-1S"|Voice="Passive"|nodeId="630010120060010"|Gloss="I purposed"|SubjRef="n63001001002"|Frame="A1:n63001001002"|LexDomain="025001"|LN="25.3"
63001012007|διὰ|84001012008|prep|id="n63001012007"|ref="2JN 1:12!7"|Cat="prep"|Start="6"|End="6"|StrongNumber="1223"|UnicodeLemma="διά"|FunctionalTag="PREP"|Type=""|morphId="63001012007"|NormalizedForm="διά"|Unicode="διὰ"|FormalTag="PREP"|nodeId="630010120070010"|Gloss="with"|LexDomain="090002"|LN="90.8"
63001012008|χάρτου|84001012006|ADV|id="n63001012008"|ref="2JN 1:12!8"|Cat="noun"|Start="7"|End="7"|StrongNumber="5489"|UnicodeLemma="χάρτης"|Gender="Masculine"|Number="Singular"|FunctionalTag="N-GSM"|Type="Common"|morphId="63001012008"|NormalizedForm="χάρτου"|Case="Genitive"|Unicode="χάρτου"|FormalTag="N-GSM"|nodeId="630010120080010"|Gloss="paper"|LexDomain="006010"|LN="6.58"
63001012009|καὶ|84001012008|conj|id="n63001012009"|ref="2JN 1:12!9"|Cat="conj"|Start="8"|End="8"|StrongNumber="2532"|UnicodeLemma="καί"|FunctionalTag="CONJ"|Type=""|morphId="63001012009"|NormalizedForm="καί"|Unicode="καὶ"|FormalTag="CONJ"|nodeId="630010120090010"|Gloss="and"
63001012010|μέλανος,|84001012008|np|id="n63001012010"|ref="2JN 1:12!10"|Cat="adj"|Start="9"|End="9"|StrongNumber="3188"|UnicodeLemma="μέλας"|Gender="Neuter"|Number="Singular"|FunctionalTag="A-GSN"|Type=""|morphId="63001012010"|NormalizedForm="μέλανος"|Case="Genitive"|Unicode="μέλανος,"|FormalTag="A-GSN"|nodeId="630010120100010"|Gloss="ink"|LexDomain="006010"|LN="6.57"
63001012011|ἀλλὰ|84001012006|conj|id="n63001012011"|ref="2JN 1:12!11"|Cat="conj"|Start="10"|End="10"|StrongNumber="235"|UnicodeLemma="ἀλλά"|FunctionalTag="CONJ"|Type=""|morphId="63001012011"|NormalizedForm="ἀλλά"|Unicode="ἀλλὰ"|FormalTag="CONJ"|nodeId="630010120110010"|Gloss="but"|LexDomain="089023"|LN="89.125"
63001012012|ἐλπίζω|84001012006|CL|id="n63001012012"|ref="2JN 1:12!12"|Cat="verb"|Start="11"|End="11"|StrongNumber="1679"|UnicodeLemma="ἐλπίζω"|Person="First"|Mood="Indicative"|Tense="Present"|Number="Singular"|FunctionalTag="V-PAI-1S"|Type=""|morphId="63001012012"|NormalizedForm="ἐλπίζω"|Unicode="ἐλπίζω"|FormalTag="V-PAI-1S"|Voice="Active"|nodeId="630010120120010"|Gloss="I hope"|SubjRef="n63001001002"|Frame="A0:n63001001002 A1:n63001012015;n63001012020"|LexDomain="030003"|LN="30.54"
63001012013|γενέσθαι|84001012015|VC|id="n63001012013"|ref="2JN 1:12!13"|Cat="verb"|Start="12"|End="12"|StrongNumber="1096"|UnicodeLemma="γίνομαι"|Mood="Infinitive"|Tense="Aorist"|FunctionalTag="V-2ADN"|Type=""|morphId="63001012013"|NormalizedForm="γενέσθαι"|Unicode="γενέσθαι"|FormalTag="V-2ADN"|Voice="Middle"|nodeId="630010120130010"|Gloss="to come"|SubjRef="n63001001002"|LexDomain="085001"|LN="85.7"
63001012014|πρὸς|84001012015|prep|id="n63001012014"|ref="2JN 1:12!14"|Cat="prep"|Start="13"|End="13"|StrongNumber="4314"|UnicodeLemma="πρός"|FunctionalTag="PREP"|Type=""|morphId="63001012014"|NormalizedForm="πρός"|Unicode="πρὸς"|FormalTag="PREP"|nodeId="630010120140010"|Gloss="to"
63001012015|ὑμᾶς|84001012012|O|id="n63001012015"|ref="2JN 1:12!15"|Cat="pron"|Start="14"|End="14"|StrongNumber="4771"|UnicodeLemma="σύ"|Number="Plural"|FunctionalTag="P-2AP"|Type="Personal"|morphId="63001012015"|NormalizedForm="ὑμᾶς"|Case="Accusative"|Unicode="ὑμᾶς"|FormalTag="P-2AP"|nodeId="630010120150010"|Gloss="you"|Ref="n63001005005 n63001001007"
63001012016|καὶ|84001012015|conj|id="n63001012016"|ref="2JN 1:12!16"|Cat="conj"|Start="15"|End="15"|StrongNumber="2532"|UnicodeLemma="καί"|FunctionalTag="CONJ"|Type=""|morphId="63001012016"|NormalizedForm="καί"|Unicode="καὶ"|FormalTag="CONJ"|nodeId="630010120160010"|Gloss="and"
63001012017|στόμα|84001012020|ADV|id="n63001012017"|ref="2JN 1:12!17"|Cat="noun"|Start="16"|End="16"|StrongNumber="4750"|UnicodeLemma="στόμα"|Gender="Neuter"|Number="Singular"|FunctionalTag="N-ASN"|Type="Common"|morphId="63001012017"|NormalizedForm="στόμα"|Case="Accusative"|Unicode="στόμα"|FormalTag="N-ASN"|nodeId="630010120170010"|Gloss="mouth"|LexDomain="083006"|LN="83.39"
63001012018|πρὸς|84001012019|prep|id="n63001012018"|ref="2JN 1:12!18"|Cat="prep"|Start="17"|End="17"|StrongNumber="4314"|UnicodeLemma="πρός"|FunctionalTag="PREP"|Type=""|morphId="63001012018"|NormalizedForm="πρός"|Unicode="πρὸς"|FormalTag="PREP"|nodeId="630010120180010"|Gloss="to"
63001012019|στόμα|84001012017|pp|id="n63001012019"|ref="2JN 1:12!19"|Cat="noun"|Start="18"|End="18"|StrongNumber="4750"|UnicodeLemma="στόμα"|Gender="Neuter"|Number="Singular"|FunctionalTag="N-ASN"|Type="Common"|morphId="63001012019"|NormalizedForm="στόμα"|Case="Accusative"|Unicode="στόμα"|FormalTag="N-ASN"|nodeId="630010120190010"|Gloss="mouth"|LexDomain="083006"|LN="83.39"
63001012020|λαλῆσαι,|84001012015|CL|id="n63001012020"|ref="2JN 1:12!20"|Cat="verb"|Start="19"|End="19"|StrongNumber="2980"|UnicodeLemma="λαλέω"|Mood="Infinitive"|Tense="Aorist"|FunctionalTag="V-AAN"|Type=""|morphId="63001012020"|NormalizedForm="λαλῆσαι"|Unicode="λαλῆσαι,"|FormalTag="V-AAN"|Voice="Active"|nodeId="630010120200010"|Gloss="to speak"|SubjRef="n63001001002"|Frame="A0:n63001001002"|LexDomain="033006"|LN="33.70"
63001012021|ἵνα|84001012025|conj|id="n63001012021"|ref="2JN 1:12!21"|Cat="conj"|Start="20"|End="20"|StrongNumber="2443"|UnicodeLemma="ἵνα"|FunctionalTag="CONJ"|Type=""|morphId="63001012021"|NormalizedForm="ἵνα"|Unicode="ἵνα"|FormalTag="CONJ"|nodeId="630010120210010"|Gloss="so that"|LexDomain="089008"|LN="89.49"
63001012022|ἡ|84001012023|det|id="n63001012022"|ref="2JN 1:12!22"|Cat="det"|Start="21"|End="21"|StrongNumber="3588"|UnicodeLemma="ὁ"|Gender="Feminine"|Number="Singular"|FunctionalTag="T-NSF"|Type=""|morphId="63001012022"|NormalizedForm="ἡ"|Case="Nominative"|Unicode="ἡ"|FormalTag="T-NSF"|nodeId="630010120220010"|Gloss="the"|LexDomain="092004"|LN="92.24"
63001012023|χαρὰ|84001012025|S|id="n63001012023"|ref="2JN 1:12!23"|Cat="noun"|Start="22"|End="22"|StrongNumber="5479"|UnicodeLemma="χαρά"|Gender="Feminine"|Number="Singular"|FunctionalTag="N-NSF"|Type="Common"|morphId="63001012023"|NormalizedForm="χαρά"|Case="Nominative"|Unicode="χαρὰ"|FormalTag="N-NSF"|nodeId="630010120230010"|Gloss="joy"|LexDomain="025011"|LN="25.123"
63001012024|ἡμῶν|84001012023|np|id="n63001012024"|ref="2JN 1:12!24"|Cat="pron"|Start="23"|End="23"|StrongNumber="1473"|UnicodeLemma="ἐγώ"|Number="Plural"|FunctionalTag="P-1GP"|Type="Personal"|morphId="63001012024"|NormalizedForm="ἡμῶν"|Case="Genitive"|Unicode="ἡμῶν"|FormalTag="P-1GP"|nodeId="630010120240010"|Gloss="of us"|Ref="n63001001002 n63001005005 n63001001007 n63001001022"|LexDomain="092002"|LN="92.4"
63001012025|πεπληρωμένη|84001012012|CL|id="n63001012025"|ref="2JN 1:12!25"|Cat="verb"|Start="24"|End="24"|StrongNumber="4137"|UnicodeLemma="πληρόω"|Gender="Feminine"|Mood="Participle"|Tense="Perfect"|Number="Singular"|FunctionalTag="V-RPP-NSF"|Type=""|morphId="63001012025"|NormalizedForm="πεπληρωμένη"|Case="Nominative"|Unicode="πεπληρωμένη"|FormalTag="V-REP-NSF"|Voice="Passive"|nodeId="630010120250010"|Gloss="having been completed"|Frame="A1:n63001012023"|LexDomain="078004"|LN="78.46"
63001012026|ᾖ.|84001012025|verb|id="n63001012026"|ref="2JN 1:12!26"|Cat="verb"|Start="25"|End="25"|StrongNumber="1510"|UnicodeLemma="εἰμί"|Person="Third"|Mood="Subjunctive"|Tense="Present"|Number="Singular"|FunctionalTag="V-PAS-3S"|Type=""|morphId="63001012026"|NormalizedForm="ᾖ"|Unicode="ᾖ."|FormalTag="V-PAS-3S"|Voice="Active"|nodeId="630010120260010"|Gloss="may be"
63001013001|Ἀσπάζεταί|84001013001|CL|id="n63001013001"|ref="2JN 1:13!1"|Cat="verb"|Start="0"|End="0"|StrongNumber="782"|UnicodeLemma="ἀσπάζομαι"|Person="Third"|Mood="Indicative"|Tense="Present"|Number="Singular"|FunctionalTag="V-PNI-3S"|Type=""|morphId="63001013001"|NormalizedForm="Ἀσπάζεται"|Unicode="Ἀσπάζεταί"|FormalTag="V-PNI-3S"|Voice="MiddlePassive"|nodeId="630010130010010"|Gloss="Greet"|Frame="A1:n63001013002 A0:n63001013004"|LexDomain="033003"|LN="33.20"
63001013002|σε|84001013001|O|id="n63001013002"|ref="2JN 1:13!2"|Cat="pron"|Start="1"|End="1"|StrongNumber="4771"|UnicodeLemma="σύ"|Number="Singular"|FunctionalTag="P-2AS"|Type="Personal"|morphId="63001013002"|NormalizedForm="σε"|Case="Accusative"|Unicode="σε"|FormalTag="P-2AS"|nodeId="630010130020010"|Gloss="you"|Ref="n63001005005"
63001013003|τὰ|84001013004|det|id="n63001013003"|ref="2JN 1:13!3"|Cat="det"|Start="2"|End="2"|StrongNumber="3588"|UnicodeLemma="ὁ"|Gender="Neuter"|Number="Plural"|FunctionalTag="T-NPN"|Type=""|morphId="63001013003"|NormalizedForm="τά"|Case="Nominative"|Unicode="τὰ"|FormalTag="T-NPN"|nodeId="630010130030010"|Gloss="the"|LexDomain="092004"|LN="92.24"
63001013004|τέκνα|84001013001|S|id="n63001013004"|ref="2JN 1:13!4"|Cat="noun"|Start="3"|End="3"|StrongNumber="5043"|UnicodeLemma="τέκνον"|Gender="Neuter"|Number="Plural"|FunctionalTag="N-NPN"|Type="Common"|morphId="63001013004"|NormalizedForm="τέκνα"|Case="Nominative"|Unicode="τέκνα"|FormalTag="N-NPN"|nodeId="630010130040010"|Gloss="children"|LexDomain="010002"|LN="10.36"
63001013005|τῆς|84001013006|det|id="n63001013005"|ref="2JN 1:13!5"|Cat="det"|Start="4"|End="4"|StrongNumber="3588"|UnicodeLemma="ὁ"|Gender="Feminine"|Number="Singular"|FunctionalTag="T-GSF"|Type=""|morphId="63001013005"|NormalizedForm="τῆς"|Case="Genitive"|Unicode="τῆς"|FormalTag="T-GSF"|nodeId="630010130050010"|Gloss="of the"|LexDomain="092004"|LN="92.24"
63001013006|ἀδελφῆς|84001013004|np|id="n63001013006"|ref="2JN 1:13!6"|Cat="noun"|Start="5"|End="5"|StrongNumber="79"|UnicodeLemma="ἀδελφή"|Gender="Feminine"|Number="Singular"|FunctionalTag="N-GSF"|Type="Common"|morphId="63001013006"|NormalizedForm="ἀδελφῆς"|Case="Genitive"|Unicode="ἀδελφῆς"|FormalTag="N-GSF"|nodeId="630010130060010"|Gloss="sister"|LexDomain="010003"|LN="10.50"
63001013007|σου|84001013006|np|id="n63001013007"|ref="2JN 1:13!7"|Cat="pron"|Start="6"|End="6"|StrongNumber="4771"|UnicodeLemma="σύ"|Number="Singular"|FunctionalTag="P-2GS"|Type="Personal"|morphId="63001013007"|NormalizedForm="σου"|Case="Genitive"|Unicode="σου"|FormalTag="P-2GS"|nodeId="630010130070010"|Gloss="of you"|Ref="n63001005005"
63001013008|τῆς|84001013009|det|id="n63001013008"|ref="2JN 1:13!8"|Cat="det"|Start="7"|End="7"|StrongNumber="3588"|UnicodeLemma="ὁ"|Gender="Feminine"|Number="Singular"|FunctionalTag="T-GSF"|Type=""|morphId="63001013008"|NormalizedForm="τῆς"|Case="Genitive"|Unicode="τῆς"|FormalTag="T-GSF"|nodeId="630010130080010"|Gloss="-"|LexDomain="092004"|LN="92.24"
63001013009|ἐκλεκτῆς.|84001013006|np|id="n63001013009"|ref="2JN 1:13!9"|Cat="adj"|Start="8"|End="8"|StrongNumber="1588"|UnicodeLemma="ἐκλεκτός"|Gender="Feminine"|Number="Singular"|FunctionalTag="A-GSF"|Type=""|morphId="63001013009"|NormalizedForm="ἐκλεκτῆς"|Case="Genitive"|Unicode="ἐκλεκτῆς."|FormalTag="A-GSF"|nodeId="630010130090010"|Gloss="elect"|LexDomain="030006"|LN="30.93"
